image_id,degradation_type,field,ground_truth,prediction,exact_match,edit_distance_score
id_card_0001,clean,name,DONALD BOOTH,DONALD BOOTH,1,1.0
id_card_0001,clean,dob,1994-01-28,1994-01-28,1,1.0
id_card_0001,clean,id_number,DL-VG04332RV,DL-VG04332RV,1,1.0
id_card_0001,clean,address,"600 JEFFERY PARKWAYS, NEW JAMESSIDE, MT 29394","600 JEFFERY PARKWAYS, NEW JAMESSIDE, MT 29394",1,1.0
id_card_0001,clean,issue_date,2022-07-04,2022-07-04,1,1.0
id_card_0001,clean,expiry_date,2026-07-03,2026-07-03,1,1.0
id_card_0002,clean,name,DYLAN MILLER,DYLAN MILLER,1,1.0
id_card_0002,clean,dob,2002-03-14,2002-03-14,1,1.0
id_card_0002,clean,id_number,DL-WV65423GF,DL-WV65423GF,1,1.0
id_card_0002,clean,address,"55940 HERRERA LANE APT. 849, BARBARALAND, AZ 87174","55940 HERRERA LANE APT. 849, BARBARALAND, AZ 87174",1,1.0
id_card_0002,clean,issue_date,2022-12-02,2022-12-02,1,1.0
id_card_0002,clean,expiry_date,2027-12-01,2027-12-01,1,1.0
id_card_0003,clean,name,THOMAS BRADLEY,THOMAS BRADLEY,1,1.0
id_card_0003,clean,dob,1966-05-28,1966-05-28,1,1.0
id_card_0003,clean,id_number,DL-XW64752NQ,DL-XW64752NQ,1,1.0
id_card_0003,clean,address,"192 FRANK LIGHT SUITE 835, EAST LYDIAMOUTH, MO 35594","192 FRANK LIGHT SUITE 835, EAST LYDIAMOUTH, MO 35594",1,1.0
id_card_0003,clean,issue_date,2022-06-02,2022-06-02,1,1.0
id_card_0003,clean,expiry_date,2030-05-31,2030-05-31,1,1.0
id_card_0004,clean,name,JANICE CARLSON,JANICE CARLSON,1,1.0
id_card_0004,clean,dob,1999-06-01,1999-06-01,1,1.0
id_card_0004,clean,id_number,DL-QI37672PV,DL-QI37672PV,1,1.0
id_card_0004,clean,address,"969 COX DAM SUITE 101, LAKE ERNEST, TX 55834","969 COX DAM SUITE 101, LAKE ERNEST, TX 55834",1,1.0
id_card_0004,clean,issue_date,2024-03-27,2024-03-27,1,1.0
id_card_0004,clean,expiry_date,2029-03-26,2029-03-26,1,1.0
id_card_0005,clean,name,TAMMY SELLERS,TAMMY SELLERS,1,1.0
id_card_0005,clean,dob,1982-05-31,1982-05-31,1,1.0
id_card_0005,clean,id_number,DL-WR48018XP,DL-WR48018XP,1,1.0
id_card_0005,clean,address,"46270 STANTON TRACK APT. 814, EAST NATHANIEL, GA 71198","46270 STANTON TRACK APT. 814, EAST NATHANIEL, GA 71198",1,1.0
id_card_0005,clean,issue_date,2026-01-22,2026-01-22,1,1.0
id_card_0005,clean,expiry_date,2034-01-20,2034-01-20,1,1.0
id_card_0006,clean,name,MELISSA MARQUEZ,MELISSA MARQUEZ,1,1.0
id_card_0006,clean,dob,1991-04-27,1991-04-27,1,1.0
id_card_0006,clean,id_number,DL-PD70154PK,DL-PD70154PK,1,1.0
id_card_0006,clean,address,"71822 ARROYO EXPRESSWAY, ALLISONCHESTER, IL 71187","71822 ARROYO EXPRESSWAY, ALLISONCHESTER, IL 71187",1,1.0
id_card_0006,clean,issue_date,2024-04-26,2024-04-26,1,1.0
id_card_0006,clean,expiry_date,2029-04-25,2029-04-25,1,1.0
id_card_0007,clean,name,MR. NATHANIEL KHAN,MR. NATHANIEL KHAN,1,1.0
id_card_0007,clean,dob,1977-09-18,1977-09-18,1,1.0
id_card_0007,clean,id_number,DL-OE78713VB,DL-OE78713VB,1,1.0
id_card_0007,clean,address,"301 JEREMY BYPASS, CHADBURY, KY 88185","301 JEREMY BYPASS, CHADBURY, KY 88185",1,1.0
id_card_0007,clean,issue_date,2024-09-26,2024-09-26,1,1.0
id_card_0007,clean,expiry_date,2029-09-25,2029-09-25,1,1.0
id_card_0008,clean,name,THOMAS RAMOS,THOMAS RAMOS,1,1.0
id_card_0008,clean,dob,1989-10-09,1989-10-09,1,1.0
id_card_0008,clean,id_number,DL-GQ37631BW,DL-GQ37631BW,1,1.0
id_card_0008,clean,address,"7010 CHANDLER UNION APT. 333, TAYLORBURGH, KY 61138","7010 CHANDLER UNION APT. 333, TAYLORBURGH, KY 61138",1,1.0
id_card_0008,clean,issue_date,2025-07-31,2025-07-31,1,1.0
id_card_0008,clean,expiry_date,2030-07-30,2030-07-30,1,1.0
id_card_0009,clean,name,MR. DANIEL BROWN,MR. DANIEL BROWN,1,1.0
id_card_0009,clean,dob,1988-01-05,1988-01-05,1,1.0
id_card_0009,clean,id_number,DL-KA08013FE,DL-KA08013FE,1,1.0
id_card_0009,clean,address,"0260 BAKER TUNNEL, MITCHELLSIDE, TN 94664","0260 BAKER TUNNEL, MITCHELLSIDE, TN 94664",1,1.0
id_card_0009,clean,issue_date,2022-05-24,2022-05-24,1,1.0
id_card_0009,clean,expiry_date,2026-05-23,2026-05-23,1,1.0
id_card_0010,clean,name,LISA BARNES,LISA BARNES,1,1.0
id_card_0010,clean,dob,2000-08-17,2000-08-17,1,1.0
id_card_0010,clean,id_number,DL-EG05009HK,DL-EG05009HK,1,1.0
id_card_0010,clean,address,"121 EMMA FREEWAY, WILSONSHIRE, IA 76381","121 EMMA FREEWAY, WILSONSHIRE, IA 76381",1,1.0
id_card_0010,clean,issue_date,2026-03-04,2026-03-04,1,1.0
id_card_0010,clean,expiry_date,2030-03-03,2030-03-03,1,1.0
id_card_0011,clean,name,LISA ARCHER,LISA ARCHER,1,1.0
id_card_0011,clean,dob,1990-04-13,1990-04-13,1,1.0
id_card_0011,clean,id_number,DL-PQ85435ZI,DL-PQ85435ZI,1,1.0
id_card_0011,clean,address,"5107 CHARLES FOREST SUITE 251, WEST JUSTIN, NV 71701","5107 CHARLES FOREST SUITE 251, WEST JUSTIN, NV 71701",1,1.0
id_card_0011,clean,issue_date,2026-05-15,2026-05-15,1,1.0
id_card_0011,clean,expiry_date,2030-05-14,2030-05-14,1,1.0
id_card_0012,clean,name,JEFF HILL,JEFF HILL,1,1.0
id_card_0012,clean,dob,1995-01-24,1995-01-24,1,1.0
id_card_0012,clean,id_number,DL-QH08412GV,DL-QH08412GV,1,1.0
id_card_0012,clean,address,"4935 GRACE WALK, WILLIAMVIEW, MH 07159","4935 GRACE WALK, WILLIAMVIEW, MH 07159",1,1.0
id_card_0012,clean,issue_date,2026-01-22,2026-01-22,1,1.0
id_card_0012,clean,expiry_date,2034-01-20,2034-01-20,1,1.0
id_card_0013,clean,name,DAVID GARCIA,DAVID GARCIA,1,1.0
id_card_0013,clean,dob,1950-10-21,1950-10-21,1,1.0
id_card_0013,clean,id_number,DL-TB24278JA,DL-TB24278JA,1,1.0
id_card_0013,clean,address,"28059 RUSSELL CANYON, MICHAELTON, MH 47399","28059 RUSSELL CANYON, MICHAELTON, MH 47399",1,1.0
id_card_0013,clean,issue_date,2024-05-25,2024-05-25,1,1.0
id_card_0013,clean,expiry_date,2029-05-24,2029-05-24,1,1.0
id_card_0014,clean,name,SHELBY WALKER,SHELBY WALKER,1,1.0
id_card_0014,clean,dob,2003-08-25,2003-08-25,1,1.0
id_card_0014,clean,id_number,DL-ZZ69232LA,DL-ZZ69232LA,1,1.0
id_card_0014,clean,address,"56342 PATRICK CAMP, WALKERMOUTH, MI 40502","56342 PATRICK CAMP, WALKERMOUTH, MI 40502",1,1.0
id_card_0014,clean,issue_date,2026-04-28,2026-04-28,1,1.0
id_card_0014,clean,expiry_date,2033-04-26,2033-04-26,1,1.0
id_card_0015,clean,name,APRIL FROST,APRIL FROST,1,1.0
id_card_0015,clean,dob,1995-06-24,1995-06-24,1,1.0
id_card_0015,clean,id_number,DL-WP65414GZ,DL-WP65414GZ,1,1.0
id_card_0015,clean,address,"14294 DANIEL MEWS SUITE 569, SOUTH RACHELBOROUGH, KS 06318","14294 DANIEL MEWS SUITE 569, SOUTH RACHELBOROUGH, KS 06318",1,1.0
id_card_0015,clean,issue_date,2023-03-16,2023-03-16,1,1.0
id_card_0015,clean,expiry_date,2029-03-14,2029-03-14,1,1.0
id_card_0016,clean,name,ELIZABETH CLARK,ELIZABETH CLARK,1,1.0
id_card_0016,clean,dob,1987-03-16,1987-03-16,1,1.0
id_card_0016,clean,id_number,DL-UQ56159HU,DL-UQ56159HU,1,1.0
id_card_0016,clean,address,"465 TERRY PLAZA APT. 366, NEW ASHLEY, MO 72320","465 TERRY PLAZA APT. 366, NEW ASHLEY, MO 72320",1,1.0
id_card_0016,clean,issue_date,2023-03-28,2023-03-28,1,1.0
id_card_0016,clean,expiry_date,2031-03-26,2031-03-26,1,1.0
id_card_0017,clean,name,ANGEL RIGGS,ANGEL RIGGS,1,1.0
id_card_0017,clean,dob,2004-01-13,2004-01-13,1,1.0
id_card_0017,clean,id_number,DL-RN95777GE,DL-RN95777GE,1,1.0
id_card_0017,clean,address,"148 DAVIS TERRACE, LAKE LANCE, AS 26601","148 DAVIS TERRACE, LAKE LANCE, AS 26601",1,1.0
id_card_0017,clean,issue_date,2026-06-29,2026-06-29,1,1.0
id_card_0017,clean,expiry_date,2033-06-27,2033-06-27,1,1.0
id_card_0018,clean,name,LINDA DODSON DVM,LINDA DODSON DVM,1,1.0
id_card_0018,clean,dob,1992-02-28,1992-02-28,1,1.0
id_card_0018,clean,id_number,DL-FZ76936PJ,DL-FZ76936PJ,1,1.0
id_card_0018,clean,address,"63287 ANGELA VISTA, SOUTH DENNISMOUTH, TN 70117","63287 ANGELA VISTA, SOUTH DENNISMOUTH, TN 70117",1,1.0
id_card_0018,clean,issue_date,2022-03-07,2022-03-07,1,1.0
id_card_0018,clean,expiry_date,2028-03-05,2028-03-05,1,1.0
id_card_0019,clean,name,AMY RUSSELL,AMY RUSSELL,1,1.0
id_card_0019,clean,dob,1992-04-02,1992-04-02,1,1.0
id_card_0019,clean,id_number,DL-CQ68727WP,DL-CQ68727WP,1,1.0
id_card_0019,clean,address,"734 JONES HEIGHTS APT. 455, EAST EDWARDFURT, UT 20529","734 JONES HEIGHTS APT. 455, EAST EDWARDFURT, UT 20529",1,1.0
id_card_0019,clean,issue_date,2025-11-08,2025-11-08,1,1.0
id_card_0019,clean,expiry_date,2032-11-06,2032-11-06,1,1.0
id_card_0020,clean,name,JENNIFER MARTIN,JENNIFER MARTIN,1,1.0
id_card_0020,clean,dob,1987-06-27,1987-06-27,1,1.0
id_card_0020,clean,id_number,DL-XL60366SB,DL-XL60366SB,1,1.0
id_card_0020,clean,address,"0546 MEDINA STREET APT. 734, TUCKERFURT, MA 88171","0546 MEDINA STREET APT. 734, TUCKERFURT, MA 88171",1,1.0
id_card_0020,clean,issue_date,2025-07-10,2025-07-10,1,1.0
id_card_0020,clean,expiry_date,2030-07-09,2030-07-09,1,1.0
id_card_0021,clean,name,ZOE BELL,ZOE BELL,1,1.0
id_card_0021,clean,dob,1982-05-15,1982-05-15,1,1.0
id_card_0021,clean,id_number,DL-KQ98069BF,DL-KQ98069BF,1,1.0
id_card_0021,clean,address,"72046 LEWIS ISLANDS SUITE 646, MARYFORT, AK 98677","72046 LEWIS ISLANDS SUITE 646, MARYFORT, AK 98677",1,1.0
id_card_0021,clean,issue_date,2022-08-24,2022-08-24,1,1.0
id_card_0021,clean,expiry_date,2028-08-22,2028-08-22,1,1.0
id_card_0022,clean,name,ERIC BYRD,ERIC BYRD,1,1.0
id_card_0022,clean,dob,1994-10-21,1994-10-21,1,1.0
id_card_0022,clean,id_number,DL-NJ00330PI,DL-NJ00330PI,1,1.0
id_card_0022,clean,address,"193 LYONS TRAFFICWAY SUITE 299, PORT LORIPORT, CT 76350","193 LYONS TRAFFICWAY SUITE 299, PORT LORIPORT, CT 76350",1,1.0
id_card_0022,clean,issue_date,2022-02-22,2022-02-22,1,1.0
id_card_0022,clean,expiry_date,2030-02-20,2030-02-20,1,1.0
id_card_0023,clean,name,TYLER REID,TYLER REID,1,1.0
id_card_0023,clean,dob,1976-02-07,1976-02-07,1,1.0
id_card_0023,clean,id_number,DL-SX31931TR,DL-SX31931TR,1,1.0
id_card_0023,clean,address,"058 STANLEY CLIFF, ALEXANDERCHESTER, GU 64752","058 STANLEY CLIFF, ALEXANDERCHESTER, GU 64752",1,1.0
id_card_0023,clean,issue_date,2024-12-07,2024-12-07,1,1.0
id_card_0023,clean,expiry_date,2029-12-06,2029-12-06,1,1.0
id_card_0024,clean,name,DANIEL SALINAS,DANIEL SALINAS,1,1.0
id_card_0024,clean,dob,2006-12-15,2006-12-15,1,1.0
id_card_0024,clean,id_number,DL-NZ26284IX,DL-NZ26284IX,1,1.0
id_card_0024,clean,address,"6945 MARIAH CORNERS SUITE 737, ROGERSFORT, PR 43101","6945 MARIAH CORNERS SUITE 737, ROGERSFORT, PR 43101",1,1.0
id_card_0024,clean,issue_date,2025-06-21,2025-06-21,1,1.0
id_card_0024,clean,expiry_date,2029-06-20,2029-06-20,1,1.0
id_card_0025,clean,name,JESSICA REESE,JESSICA REESE,1,1.0
id_card_0025,clean,dob,1973-09-21,1973-09-21,1,1.0
id_card_0025,clean,id_number,DL-MF94808PU,DL-MF94808PU,1,1.0
id_card_0025,clean,address,"8377 MCGUIRE COURSE SUITE 363, ELIZABETHSTAD, NJ 73045","8377 MCGUIRE COURSE SUITE 363, ELIZABETHSTAD, NJ 73045",1,1.0
id_card_0025,clean,issue_date,2023-12-09,2023-12-09,1,1.0
id_card_0025,clean,expiry_date,2031-12-07,2031-12-07,1,1.0
id_card_0026,clean,name,ERIC ERICKSON,ERIC ERICKSON,1,1.0
id_card_0026,clean,dob,1973-01-26,1973-01-26,1,1.0
id_card_0026,clean,id_number,DL-HU74443MU,DL-HU74443MU,1,1.0
id_card_0026,clean,address,"823 JOANNA HARBOR, TINABOROUGH, LA 30317","823 JOANNA HARBOR, TINABOROUGH, LA 30317",1,1.0
id_card_0026,clean,issue_date,2024-07-21,2024-07-21,1,1.0
id_card_0026,clean,expiry_date,2032-07-19,2032-07-19,1,1.0
id_card_0027,clean,name,BENJAMIN SOTO,BENJAMIN SOTO,1,1.0
id_card_0027,clean,dob,1959-03-06,1959-03-06,1,1.0
id_card_0027,clean,id_number,DL-OW00842FG,DL-OW00842FG,1,1.0
id_card_0027,clean,address,"477 PETERSON CENTER, SHELLEYFORT, DE 09065","477 PETERSON CENTER, SHELLEYFORT, DE 09065",1,1.0
id_card_0027,clean,issue_date,2023-11-23,2023-11-23,1,1.0
id_card_0027,clean,expiry_date,2031-11-21,2031-11-21,1,1.0
id_card_0028,clean,name,PHILLIP GARRETT,PHILLIP GARRETT,1,1.0
id_card_0028,clean,dob,1954-03-18,1954-03-18,1,1.0
id_card_0028,clean,id_number,DL-HJ29413WA,DL-HJ29413WA,1,1.0
id_card_0028,clean,address,"677 DALTON MEADOW, ASHLEYTON, RI 97505","677 DALTON MEADOW, ASHLEYTON, RI 97505",1,1.0
id_card_0028,clean,issue_date,2022-11-07,2022-11-07,1,1.0
id_card_0028,clean,expiry_date,2028-11-05,2028-11-05,1,1.0
id_card_0029,clean,name,ANDREA MARTIN,ANDREA MARTIN,1,1.0
id_card_0029,clean,dob,1968-07-27,1968-07-27,1,1.0
id_card_0029,clean,id_number,DL-KA23281AC,DL-KA23281AC,1,1.0
id_card_0029,clean,address,"0344 JONES FORT SUITE 936, NEW JEFFREYBERG, PW 35317","0344 JONES FORT SUITE 936, NEW JEFFREYBERG, PW 35317",1,1.0
id_card_0029,clean,issue_date,2022-04-02,2022-04-02,1,1.0
id_card_0029,clean,expiry_date,2028-03-31,2028-03-31,1,1.0
id_card_0030,clean,name,CASEY STONE,CASEY STONE,1,1.0
id_card_0030,clean,dob,1971-06-30,1971-06-30,1,1.0
id_card_0030,clean,id_number,DL-SZ47174RG,DL-SZ47174RG,1,1.0
id_card_0030,clean,address,"1906 MUNOZ BURG APT. 399, PORT EMILYVIEW, OK 05774","1906 MUNOZ BURG APT. 399, PORT EMILYVIEW, OK 05774",1,1.0
id_card_0030,clean,issue_date,2026-05-27,2026-05-27,1,1.0
id_card_0030,clean,expiry_date,2032-05-25,2032-05-25,1,1.0
id_card_0031,clean,name,SAMANTHA SMITH,SAMANTHA SMITH,1,1.0
id_card_0031,clean,dob,1980-08-27,1980-08-27,1,1.0
id_card_0031,clean,id_number,DL-EW29671AV,DL-EW29671AV,1,1.0
id_card_0031,clean,address,"125 STEELE HEIGHTS SUITE 807, WEST JOHNNYVILLE, WI 53477","125 STEELE HEIGHTS SUITE 807, WEST JOHNNYVILLE, WI 53477",1,1.0
id_card_0031,clean,issue_date,2023-12-05,2023-12-05,1,1.0
id_card_0031,clean,expiry_date,2029-12-03,2029-12-03,1,1.0
id_card_0032,clean,name,WILLIE DURHAM,WILLIE DURHAM,1,1.0
id_card_0032,clean,dob,1987-06-27,1987-06-27,1,1.0
id_card_0032,clean,id_number,DL-NW60385FO,DL-NW60385FO,1,1.0
id_card_0032,clean,address,"34824 GILMORE OVAL APT. 093, WEST ANDREA, OH 53977","34824 GILMORE OVAL APT. 093, WEST ANDREA, OH 53977",1,1.0
id_card_0032,clean,issue_date,2025-06-28,2025-06-28,1,1.0
id_card_0032,clean,expiry_date,2033-06-26,2033-06-26,1,1.0
id_card_0033,clean,name,CHARLES RYAN MD,CHARLES RYAN MD,1,1.0
id_card_0033,clean,dob,1981-12-18,1981-12-18,1,1.0
id_card_0033,clean,id_number,DL-AE27484EP,DL-AE27484EP,1,1.0
id_card_0033,clean,address,"263 MICHELLE HARBOR SUITE 584, WEST JESSICASHIRE, OR 87000","263 MICHELLE HARBOR SUITE 584, WEST JESSICASHIRE, OR 87000",1,1.0
id_card_0033,clean,issue_date,2022-07-23,2022-07-23,1,1.0
id_card_0033,clean,expiry_date,2028-07-21,2028-07-21,1,1.0
id_card_0034,clean,name,ANGELA HARRINGTON,ANGELA HARRINGTON,1,1.0
id_card_0034,clean,dob,1988-02-13,1988-02-13,1,1.0
id_card_0034,clean,id_number,DL-KY67533OX,DL-KY67533OX,1,1.0
id_card_0034,clean,address,"57662 HANNA CROSSROAD SUITE 171, SMITHBERG, MT 86324","57662 HANNA CROSSROAD SUITE 171, SMITHBERG, MT 86324",1,1.0
id_card_0034,clean,issue_date,2026-03-08,2026-03-08,1,1.0
id_card_0034,clean,expiry_date,2034-03-06,2034-03-06,1,1.0
id_card_0035,clean,name,ROBERT CARTER,ROBERT CARTER,1,1.0
id_card_0035,clean,dob,1968-08-06,1968-08-06,1,1.0
id_card_0035,clean,id_number,DL-YU96158OT,DL-YU96158OT,1,1.0
id_card_0035,clean,address,"091 CRYSTAL HEIGHTS APT. 161, SOUTH GARRETTPORT, MH 04295","091 CRYSTAL HEIGHTS APT. 161, SOUTH GARRETTPORT, MH 04295",1,1.0
id_card_0035,clean,issue_date,2024-06-09,2024-06-09,1,1.0
id_card_0035,clean,expiry_date,2032-06-07,2032-06-07,1,1.0
id_card_0036,clean,name,MEGAN MOORE,MEGAN MOORE,1,1.0
id_card_0036,clean,dob,1976-01-26,1976-01-26,1,1.0
id_card_0036,clean,id_number,DL-RY23869LK,DL-RY23869LK,1,1.0
id_card_0036,clean,address,"96937 JESSE ROUTE, STEVETOWN, MH 61482","96937 JESSE ROUTE, STEVETOWN, MH 61482",1,1.0
id_card_0036,clean,issue_date,2025-03-23,2025-03-23,1,1.0
id_card_0036,clean,expiry_date,2031-03-22,2031-03-22,1,1.0
id_card_0037,clean,name,VALERIE LOZANO,VALERIE LOZANO,1,1.0
id_card_0037,clean,dob,1980-08-15,1980-08-15,1,1.0
id_card_0037,clean,id_number,DL-TM94647YE,DL-TM94647YE,1,1.0
id_card_0037,clean,address,"69594 JOHNSON VILLAGE, HILLSHIRE, VI 90390","69594 JOHNSON VILLAGE, HILLSHIRE, VI 90390",1,1.0
id_card_0037,clean,issue_date,2024-07-01,2024-07-01,1,1.0
id_card_0037,clean,expiry_date,2032-06-29,2032-06-29,1,1.0
id_card_0038,clean,name,CURTIS BUCHANAN,CURTIS BUCHANAN,1,1.0
id_card_0038,clean,dob,2001-04-09,2001-04-09,1,1.0
id_card_0038,clean,id_number,DL-OM43953NQ,DL-OM43953NQ,1,1.0
id_card_0038,clean,address,"104 JOHNSON LAKES, NORTH RENEE, MD 98474","104 JOHNSON LAKES, NORTH RENEE, MD 98474",1,1.0
id_card_0038,clean,issue_date,2025-10-14,2025-10-14,1,1.0
id_card_0038,clean,expiry_date,2031-10-13,2031-10-13,1,1.0
id_card_0039,clean,name,DEBORAH JAMES,DEBORAH JAMES,1,1.0
id_card_0039,clean,dob,1975-06-17,1975-06-17,1,1.0
id_card_0039,clean,id_number,DL-ZS84247VV,DL-ZS84247VV,1,1.0
id_card_0039,clean,address,"1236 DAVIS LOCKS, WEST AMANDAMOUTH, MN 88689","1236 DAVIS LOCKS, WEST AMANDAMOUTH, MN 88689",1,1.0
id_card_0039,clean,issue_date,2026-01-28,2026-01-28,1,1.0
id_card_0039,clean,expiry_date,2031-01-27,2031-01-27,1,1.0
id_card_0040,clean,name,BRANDY CHAVEZ,BRANDY CHAVEZ,1,1.0
id_card_0040,clean,dob,1994-01-06,1994-01-06,1,1.0
id_card_0040,clean,id_number,DL-JU13709NO,DL-JU13709NO,1,1.0
id_card_0040,clean,address,"746 DONALD CAMP, WENDYVILLE, CT 31276","746 DONALD CAMP, WENDYVILLE, CT 31276",1,1.0
id_card_0040,clean,issue_date,2024-09-20,2024-09-20,1,1.0
id_card_0040,clean,expiry_date,2032-09-18,2032-09-18,1,1.0
id_card_0041,clean,name,JAMES LOPEZ,JAMES LOPEZ,1,1.0
id_card_0041,clean,dob,1996-03-10,1996-03-10,1,1.0
id_card_0041,clean,id_number,DL-FN69261AR,DL-FN69261AR,1,1.0
id_card_0041,clean,address,"537 SAMPSON WALK, CORYSTAD, ND 85019","537 SAMPSON WALK, CORYSTAD, ND 85019",1,1.0
id_card_0041,clean,issue_date,2026-02-26,2026-02-26,1,1.0
id_card_0041,clean,expiry_date,2030-02-25,2030-02-25,1,1.0
id_card_0042,clean,name,CHRISTOPHER GUERRERO,CHRISTOPHER GUERRERO,1,1.0
id_card_0042,clean,dob,1958-11-16,1958-11-16,1,1.0
id_card_0042,clean,id_number,DL-YV13900PI,DL-YV13900PI,1,1.0
id_card_0042,clean,address,"83933 SCHROEDER TURNPIKE, WEST MICHELEBERG, DC 71308","83933 SCHROEDER TURNPIKE, WEST MICHELEBERG, DC 71308",1,1.0
id_card_0042,clean,issue_date,2025-06-05,2025-06-05,1,1.0
id_card_0042,clean,expiry_date,2029-06-04,2029-06-04,1,1.0
id_card_0043,clean,name,LUIS ACOSTA,LUIS ACOSTA,1,1.0
id_card_0043,clean,dob,1952-04-25,1952-04-25,1,1.0
id_card_0043,clean,id_number,DL-BL05395QD,DL-BL05395QD,1,1.0
id_card_0043,clean,address,"681 THOMAS TUNNEL, WILLIAMVILLE, NV 66540","681 THOMAS TUNNEL, WILLIAMVILLE, NV 66540",1,1.0
id_card_0043,clean,issue_date,2022-09-06,2022-09-06,1,1.0
id_card_0043,clean,expiry_date,2028-09-04,2028-09-04,1,1.0
id_card_0044,clean,name,JESSICA MCGUIRE,JESSICA MCGUIRE,1,1.0
id_card_0044,clean,dob,1995-05-27,1995-05-27,1,1.0
id_card_0044,clean,id_number,DL-ZB47007RG,DL-ZB47007RG,1,1.0
id_card_0044,clean,address,"711 FRANKLIN CIRCLES APT. 499, OSCARHAVEN, LA 59970","711 FRANKLIN CIRCLES APT. 499, OSCARHAVEN, LA 59970",1,1.0
id_card_0044,clean,issue_date,2025-12-30,2025-12-30,1,1.0
id_card_0044,clean,expiry_date,2033-12-28,2033-12-28,1,1.0
id_card_0045,clean,name,JACQUELINE ANDERSON,JACQUELINE ANDERSON,1,1.0
id_card_0045,clean,dob,1958-05-07,1958-05-07,1,1.0
id_card_0045,clean,id_number,DL-VD36736ZA,DL-VD36736ZA,1,1.0
id_card_0045,clean,address,"6545 GLORIA MOUNTAINS, NORTH MARIELAND, NE 13157","6545 GLORIA MOUNTAINS, NORTH MARIELAND, NE 13157",1,1.0
id_card_0045,clean,issue_date,2026-04-01,2026-04-01,1,1.0
id_card_0045,clean,expiry_date,2033-03-30,2033-03-30,1,1.0
id_card_0046,clean,name,PHILLIP ANDREWS,PHILLIP ANDREWS,1,1.0
id_card_0046,clean,dob,1954-08-23,1954-08-23,1,1.0
id_card_0046,clean,id_number,DL-WQ88516WB,DL-WQ88516WB,1,1.0
id_card_0046,clean,address,"9451 ERIC ORCHARD, PORT DANIEL, PR 73411","9451 ERIC ORCHARD, PORT DANIEL, PR 73411",1,1.0
id_card_0046,clean,issue_date,2026-07-20,2026-07-20,1,1.0
id_card_0046,clean,expiry_date,2032-07-18,2032-07-18,1,1.0
id_card_0047,clean,name,JAMIE CHAVEZ,JAMIE CHAVEZ,1,1.0
id_card_0047,clean,dob,2005-06-29,2005-06-29,1,1.0
id_card_0047,clean,id_number,DL-MQ89980SR,DL-MQ89980SR,1,1.0
id_card_0047,clean,address,"44550 MOLLY PORT, JONESTOWN, CO 98295","44550 MOLLY PORT, JONESTOWN, CO 98295",1,1.0
id_card_0047,clean,issue_date,2025-03-18,2025-03-18,1,1.0
id_card_0047,clean,expiry_date,2029-03-17,2029-03-17,1,1.0
id_card_0048,clean,name,DOUGLAS GREGORY,DOUGLAS GREGORY,1,1.0
id_card_0048,clean,dob,1961-04-10,1961-04-10,1,1.0
id_card_0048,clean,id_number,DL-DJ45991KW,DL-DJ45991KW,1,1.0
id_card_0048,clean,address,"147 TUCKER MILLS, NELSONHAVEN, DE 45743","147 TUCKER MILLS, NELSONHAVEN, DE 45743",1,1.0
id_card_0048,clean,issue_date,2024-09-15,2024-09-15,1,1.0
id_card_0048,clean,expiry_date,2029-09-14,2029-09-14,1,1.0
id_card_0049,clean,name,MARY GOMEZ,MARY GOMEZ,1,1.0
id_card_0049,clean,dob,1983-09-05,1983-09-05,1,1.0
id_card_0049,clean,id_number,DL-DA40369NT,DL-DA40369NT,1,1.0
id_card_0049,clean,address,"44510 BURGESS EXTENSIONS, SOUTH AMANDA, IN 66071","44510 BURGESS EXTENSIONS, SOUTH AMANDA, IN 66071",1,1.0
id_card_0049,clean,issue_date,2026-01-16,2026-01-16,1,1.0
id_card_0049,clean,expiry_date,2031-01-15,2031-01-15,1,1.0
id_card_0050,clean,name,ERIC MORGAN,ERIC MORGAN,1,1.0
id_card_0050,clean,dob,1977-08-01,1977-08-01,1,1.0
id_card_0050,clean,id_number,DL-KB60715KZ,DL-KB60715KZ,1,1.0
id_card_0050,clean,address,"1605 LAURIE RIVER SUITE 516, EAST RYANFURT, NC 10809","1605 LAURIE RIVER SUITE 516, EAST RYANFURT, NC 10809",1,1.0
id_card_0050,clean,issue_date,2021-12-02,2021-12-02,1,1.0
id_card_0050,clean,expiry_date,2026-12-01,2026-12-01,1,1.0
id_card_0051,clean,name,LAUREN MALDONADO,LAUREN MALDONADO,1,1.0
id_card_0051,clean,dob,1973-03-24,1973-03-24,1,1.0
id_card_0051,clean,id_number,DL-MX18188WW,DL-MX18188WW,1,1.0
id_card_0051,clean,address,"12432 KATHLEEN SHOAL, EAST STEPHANIEFORT, NH 99387","12432 KATHLEEN SHOAL, EAST STEPHANIEFORT, NH 99387",1,1.0
id_card_0051,clean,issue_date,2022-12-28,2022-12-28,1,1.0
id_card_0051,clean,expiry_date,2026-12-27,2026-12-27,1,1.0
id_card_0052,clean,name,JULIE SPENCER,JULIE SPENCER,1,1.0
id_card_0052,clean,dob,1988-12-22,1988-12-22,1,1.0
id_card_0052,clean,id_number,DL-CO52717TY,DL-CO52717TY,1,1.0
id_card_0052,clean,address,"058 LANCE MISSION APT. 054, LAKE MICHELLELAND, RI 78368","058 LANCE MISSION APT. 054, LAKE MICHELLELAND, RI 78368",1,1.0
id_card_0052,clean,issue_date,2024-04-23,2024-04-23,1,1.0
id_card_0052,clean,expiry_date,2029-04-22,2029-04-22,1,1.0
id_card_0053,clean,name,MARK COOK,MARK COOK,1,1.0
id_card_0053,clean,dob,2004-06-11,2004-06-11,1,1.0
id_card_0053,clean,id_number,DL-EG79359JD,DL-EG79359JD,1,1.0
id_card_0053,clean,address,"51820 JASMINE MILL APT. 554, ORTIZMOUTH, TX 78867","51820 JASMINE MILL APT. 554, ORTIZMOUTH, TX 78867",1,1.0
id_card_0053,clean,issue_date,2021-11-28,2021-11-28,1,1.0
id_card_0053,clean,expiry_date,2028-11-26,2028-11-26,1,1.0
id_card_0054,clean,name,KATIE SMITH,KATIE SMITH,1,1.0
id_card_0054,clean,dob,1972-12-30,1972-12-30,1,1.0
id_card_0054,clean,id_number,DL-JV86449FL,DL-JV86449FL,1,1.0
id_card_0054,clean,address,"4629 KYLE LANE, LISAHAVEN, CO 85176","4629 KYLE LANE, LISAHAVEN, CO 85176",1,1.0
id_card_0054,clean,issue_date,2022-05-13,2022-05-13,1,1.0
id_card_0054,clean,expiry_date,2029-05-11,2029-05-11,1,1.0
id_card_0055,clean,name,PATRICIA LAMB,PATRICIA LAMB,1,1.0
id_card_0055,clean,dob,1971-07-31,1971-07-31,1,1.0
id_card_0055,clean,id_number,DL-IJ35733ES,DL-IJ35733ES,1,1.0
id_card_0055,clean,address,"880 WALTER RIVER, NEW NICHOLAS, GA 24204","880 WALTER RIVER, NEW NICHOLAS, GA 24204",1,1.0
id_card_0055,clean,issue_date,2023-02-04,2023-02-04,1,1.0
id_card_0055,clean,expiry_date,2031-02-02,2031-02-02,1,1.0
id_card_0056,clean,name,DAVID DAVIDSON,DAVID DAVIDSON,1,1.0
id_card_0056,clean,dob,1961-10-29,1961-10-29,1,1.0
id_card_0056,clean,id_number,DL-NS06537WV,DL-NS06537WV,1,1.0
id_card_0056,clean,address,"83473 GREGORY PORTS SUITE 746, BURCHBOROUGH, AS 79755","83473 GREGORY PORTS SUITE 746, BURCHBOROUGH, AS 79755",1,1.0
id_card_0056,clean,issue_date,2025-04-13,2025-04-13,1,1.0
id_card_0056,clean,expiry_date,2030-04-12,2030-04-12,1,1.0
id_card_0057,clean,name,TIMOTHY COMBS,TIMOTHY COMBS,1,1.0
id_card_0057,clean,dob,1975-10-28,1975-10-28,1,1.0
id_card_0057,clean,id_number,DL-WK18141RC,DL-WK18141RC,1,1.0
id_card_0057,clean,address,"1375 ROBERT LOCKS, JOELAND, MN 29931","1375 ROBERT LOCKS, JOELAND, MN 29931",1,1.0
id_card_0057,clean,issue_date,2026-04-11,2026-04-11,1,1.0
id_card_0057,clean,expiry_date,2032-04-09,2032-04-09,1,1.0
id_card_0058,clean,name,JOYCE RODRIGUEZ,JOYCE RODRIGUEZ,1,1.0
id_card_0058,clean,dob,1994-10-16,1994-10-16,1,1.0
id_card_0058,clean,id_number,DL-SI22047WT,DL-SI22047WT,1,1.0
id_card_0058,clean,address,"9010 LEWIS DRIVE SUITE 143, DAVIDBURY, MT 84249","9010 LEWIS DRIVE SUITE 143, DAVIDBURY, MT 84249",1,1.0
id_card_0058,clean,issue_date,2024-05-30,2024-05-30,1,1.0
id_card_0058,clean,expiry_date,2032-05-28,2032-05-28,1,1.0
id_card_0059,clean,name,AUSTIN ALLEN,AUSTIN ALLEN,1,1.0
id_card_0059,clean,dob,1984-07-29,1984-07-29,1,1.0
id_card_0059,clean,id_number,DL-SB08932AN,DL-SB08932AN,1,1.0
id_card_0059,clean,address,"96218 JONES PINE APT. 670, ZAVALAVIEW, WA 02629","96218 JONES PINE APT. 670, ZAVALAVIEW, WA 02629",1,1.0
id_card_0059,clean,issue_date,2026-02-13,2026-02-13,1,1.0
id_card_0059,clean,expiry_date,2031-02-12,2031-02-12,1,1.0
id_card_0060,clean,name,ROBERT KENNEDY,ROBERT KENNEDY,1,1.0
id_card_0060,clean,dob,1995-04-12,1995-04-12,1,1.0
id_card_0060,clean,id_number,DL-IV95205PL,DL-IV95205PL,1,1.0
id_card_0060,clean,address,"722 JENNIFER MOUNT APT. 430, NORTH LESLIE, ME 68053","722 JENNIFER MOUNT APT. 430, NORTH LESLIE, ME 68053",1,1.0
id_card_0060,clean,issue_date,2022-06-11,2022-06-11,1,1.0
id_card_0060,clean,expiry_date,2029-06-09,2029-06-09,1,1.0
id_card_0061,clean,name,BOBBY GUERRERO,BOBBY GUERRERO,1,1.0
id_card_0061,clean,dob,1953-01-20,1953-01-20,1,1.0
id_card_0061,clean,id_number,DL-HZ45054XB,DL-HZ45054XB,1,1.0
id_card_0061,clean,address,"765 TYLER PARKS SUITE 841, MILLERBURGH, ND 39005","765 TYLER PARKS SUITE 841, MILLERBURGH, ND 39005",1,1.0
id_card_0061,clean,issue_date,2023-03-09,2023-03-09,1,1.0
id_card_0061,clean,expiry_date,2031-03-07,2031-03-07,1,1.0
id_card_0062,clean,name,AMANDA HERNANDEZ,AMANDA HERNANDEZ,1,1.0
id_card_0062,clean,dob,1971-06-02,1971-06-02,1,1.0
id_card_0062,clean,id_number,DL-CC96275UW,DL-CC96275UW,1,1.0
id_card_0062,clean,address,"0165 STEPHANIE DIVIDE SUITE 021, PORT DEANNA, MN 50682","0165 STEPHANIE DIVIDE SUITE 021, PORT DEANNA, MN 50682",1,1.0
id_card_0062,clean,issue_date,2025-05-09,2025-05-09,1,1.0
id_card_0062,clean,expiry_date,2031-05-08,2031-05-08,1,1.0
id_card_0063,clean,name,BENJAMIN THOMPSON,BENJAMIN THOMPSON,1,1.0
id_card_0063,clean,dob,1981-03-06,1981-03-06,1,1.0
id_card_0063,clean,id_number,DL-HX57192ZU,DL-HX57192ZU,1,1.0
id_card_0063,clean,address,"10278 MCINTYRE CREST SUITE 473, HEATHERFORT, ID 16575","10278 MCINTYRE CREST SUITE 473, HEATHERFORT, ID 16575",1,1.0
id_card_0063,clean,issue_date,2024-09-18,2024-09-18,1,1.0
id_card_0063,clean,expiry_date,2030-09-17,2030-09-17,1,1.0
id_card_0064,clean,name,STEPHEN JONES,STEPHEN JONES,1,1.0
id_card_0064,clean,dob,1999-02-08,1999-02-08,1,1.0
id_card_0064,clean,id_number,DL-IS15518TK,DL-IS15518TK,1,1.0
id_card_0064,clean,address,"8313 JOEL PARK, WEST ANGELASTAD, NH 72806","8313 JOEL PARK, WEST ANGELASTAD, NH 72806",1,1.0
id_card_0064,clean,issue_date,2025-05-06,2025-05-06,1,1.0
id_card_0064,clean,expiry_date,2031-05-05,2031-05-05,1,1.0
id_card_0065,clean,name,TRAVIS STONE,TRAVIS STONE,1,1.0
id_card_0065,clean,dob,1977-08-28,1977-08-28,1,1.0
id_card_0065,clean,id_number,DL-IU86691PE,DL-IU86691PE,1,1.0
id_card_0065,clean,address,"8528 KATRINA CURVE SUITE 801, WEST FRED, MD 93474","8528 KATRINA CURVE SUITE 801, WEST FRED, MD 93474",1,1.0
id_card_0065,clean,issue_date,2025-08-19,2025-08-19,1,1.0
id_card_0065,clean,expiry_date,2029-08-18,2029-08-18,1,1.0
id_card_0066,clean,name,TRAVIS WISE,TRAVIS WISE,1,1.0
id_card_0066,clean,dob,1969-11-22,1969-11-22,1,1.0
id_card_0066,clean,id_number,DL-OT43842NI,DL-OT43842NI,1,1.0
id_card_0066,clean,address,"299 GEORGE ROAD, MEGANSHIRE, AZ 04219","299 GEORGE ROAD, MEGANSHIRE, AZ 04219",1,1.0
id_card_0066,clean,issue_date,2022-03-26,2022-03-26,1,1.0
id_card_0066,clean,expiry_date,2027-03-25,2027-03-25,1,1.0
id_card_0067,clean,name,WILLIAM REED,WILLIAM REED,1,1.0
id_card_0067,clean,dob,1968-07-28,1968-07-28,1,1.0
id_card_0067,clean,id_number,DL-OI96907SP,DL-OI96907SP,1,1.0
id_card_0067,clean,address,"3647 HALEY ESTATE SUITE 677, WEST CATHERINE, MD 94658","3647 HALEY ESTATE SUITE 677, WEST CATHERINE, MD 94658",1,1.0
id_card_0067,clean,issue_date,2023-05-09,2023-05-09,1,1.0
id_card_0067,clean,expiry_date,2029-05-07,2029-05-07,1,1.0
id_card_0068,clean,name,MR. ALEXANDER LANDRY MD,MR. ALEXANDER LANDRY MD,1,1.0
id_card_0068,clean,dob,1977-09-11,1977-09-11,1,1.0
id_card_0068,clean,id_number,DL-PD58815HR,DL-PD58815HR,1,1.0
id_card_0068,clean,address,"21046 WRIGHT WAY APT. 595, PORT ERIK, NY 61687","21046 WRIGHT WAY APT. 595, PORT ERIK, NY 61687",1,1.0
id_card_0068,clean,issue_date,2022-09-03,2022-09-03,1,1.0
id_card_0068,clean,expiry_date,2030-09-01,2030-09-01,1,1.0
id_card_0069,clean,name,ANGEL GORDON,ANGEL GORDON,1,1.0
id_card_0069,clean,dob,1966-12-11,1966-12-11,1,1.0
id_card_0069,clean,id_number,DL-FM95004PR,DL-FM95004PR,1,1.0
id_card_0069,clean,address,"8016 NICOLE STREAM SUITE 650, WILLIAMSSIDE, ID 48017","8016 NICOLE STREAM SUITE 650, WILLIAMSSIDE, ID 48017",1,1.0
id_card_0069,clean,issue_date,2023-05-23,2023-05-23,1,1.0
id_card_0069,clean,expiry_date,2027-05-22,2027-05-22,1,1.0
id_card_0070,clean,name,EMILY LONG,EMILY LONG,1,1.0
id_card_0070,clean,dob,2002-07-31,2002-07-31,1,1.0
id_card_0070,clean,id_number,DL-GZ49912XY,DL-GZ49912XY,1,1.0
id_card_0070,clean,address,"523 PORTER CAPE APT. 257, HERNANDEZHAVEN, DC 43488","523 PORTER CAPE APT. 257, HERNANDEZHAVEN, DC 43488",1,1.0
id_card_0070,clean,issue_date,2026-03-28,2026-03-28,1,1.0
id_card_0070,clean,expiry_date,2034-03-26,2034-03-26,1,1.0
id_card_0071,clean,name,MICHELLE HAMPTON,MICHELLE HAMPTON,1,1.0
id_card_0071,clean,dob,1992-07-07,1992-07-07,1,1.0
id_card_0071,clean,id_number,DL-FT95888KT,DL-FT95888KT,1,1.0
id_card_0071,clean,address,"55169 ROBLES STREAM APT. 974, LAKE BRETT, NJ 22850","55169 ROBLES STREAM APT. 974, LAKE BRETT, NJ 22850",1,1.0
id_card_0071,clean,issue_date,2024-02-08,2024-02-08,1,1.0
id_card_0071,clean,expiry_date,2030-02-06,2030-02-06,1,1.0
id_card_0072,clean,name,MRS. JAMIE FRYE DDS,MRS. JAMIE FRYE DDS,1,1.0
id_card_0072,clean,dob,1976-06-07,1976-06-07,1,1.0
id_card_0072,clean,id_number,DL-BC30913UA,DL-BC30913UA,1,1.0
id_card_0072,clean,address,"3689 SALAS STREET, LAKE DEVINBOROUGH, OH 43105","3689 SALAS STREET, LAKE DEVINBOROUGH, OH 43105",1,1.0
id_card_0072,clean,issue_date,2022-10-26,2022-10-26,1,1.0
id_card_0072,clean,expiry_date,2028-10-24,2028-10-24,1,1.0
id_card_0073,clean,name,REGINA ROBERTS,REGINA ROBERTS,1,1.0
id_card_0073,clean,dob,1986-11-03,1986-11-03,1,1.0
id_card_0073,clean,id_number,DL-MP85497RJ,DL-MP85497RJ,1,1.0
id_card_0073,clean,address,"44375 BAILEY UNDERPASS SUITE 419, HUANGFURT, GU 45738","44375 BAILEY UNDERPASS SUITE 419, HUANGFURT, GU 45738",1,1.0
id_card_0073,clean,issue_date,2024-06-21,2024-06-21,1,1.0
id_card_0073,clean,expiry_date,2028-06-20,2028-06-20,1,1.0
id_card_0074,clean,name,ABIGAIL PIERCE,ABIGAIL PIERCE,1,1.0
id_card_0074,clean,dob,1970-02-19,1970-02-19,1,1.0
id_card_0074,clean,id_number,DL-MI57473RJ,DL-MI57473RJ,1,1.0
id_card_0074,clean,address,"19933 ELIZABETH PINES APT. 301, RIVERAFORT, CT 89786","19933 ELIZABETH PINES APT. 301, RIVERAFORT, CT 89786",1,1.0
id_card_0074,clean,issue_date,2022-03-26,2022-03-26,1,1.0
id_card_0074,clean,expiry_date,2027-03-25,2027-03-25,1,1.0
id_card_0075,clean,name,JENNIFER SIMPSON DVM,JENNIFER SIMPSON DVM,1,1.0
id_card_0075,clean,dob,1961-04-23,1961-04-23,1,1.0
id_card_0075,clean,id_number,DL-SP77345DX,DL-SP77345DX,1,1.0
id_card_0075,clean,address,"938 ROBIN EXTENSIONS, KHANBURGH, PW 05264","938 ROBIN EXTENSIONS, KHANBURGH, PW 05264",1,1.0
id_card_0075,clean,issue_date,2025-01-08,2025-01-08,1,1.0
id_card_0075,clean,expiry_date,2029-01-07,2029-01-07,1,1.0
id_card_0076,clean,name,STEPHANIE WILCOX,STEPHANIE WILCOX,1,1.0
id_card_0076,clean,dob,1970-04-05,1970-04-05,1,1.0
id_card_0076,clean,id_number,DL-VS04991DP,DL-VS04991DP,1,1.0
id_card_0076,clean,address,"87431 MARTIN MOUNT SUITE 205, ASHLEYBOROUGH, HI 80580","87431 MARTIN MOUNT SUITE 205, ASHLEYBOROUGH, HI 80580",1,1.0
id_card_0076,clean,issue_date,2021-11-17,2021-11-17,1,1.0
id_card_0076,clean,expiry_date,2027-11-16,2027-11-16,1,1.0
id_card_0077,clean,name,TAMMY BARRON,TAMMY BARRON,1,1.0
id_card_0077,clean,dob,1985-08-17,1985-08-17,1,1.0
id_card_0077,clean,id_number,DL-EU16122PA,DL-EU16122PA,1,1.0
id_card_0077,clean,address,"3745 AGUILAR PORTS APT. 453, LAKE DAVIDPORT, GA 53639","3745 AGUILAR PORTS APT. 453, LAKE DAVIDPORT, GA 53639",1,1.0
id_card_0077,clean,issue_date,2024-05-07,2024-05-07,1,1.0
id_card_0077,clean,expiry_date,2029-05-06,2029-05-06,1,1.0
id_card_0078,clean,name,RONALD LEACH,RONALD LEACH,1,1.0
id_card_0078,clean,dob,2002-12-13,2002-12-13,1,1.0
id_card_0078,clean,id_number,DL-OI14593EJ,DL-OI14593EJ,1,1.0
id_card_0078,clean,address,"956 TODD UNIONS APT. 391, RICESTAD, CA 74447","956 TODD UNIONS APT. 391, RICESTAD, CA 74447",1,1.0
id_card_0078,clean,issue_date,2024-03-16,2024-03-16,1,1.0
id_card_0078,clean,expiry_date,2030-03-15,2030-03-15,1,1.0
id_card_0079,clean,name,GREGORY BROWN,GREGORY BROWN,1,1.0
id_card_0079,clean,dob,1964-04-26,1964-04-26,1,1.0
id_card_0079,clean,id_number,DL-CH82258RN,DL-CH82258RN,1,1.0
id_card_0079,clean,address,"87072 BRYANT CENTERS SUITE 406, LISABOROUGH, OR 10073","87072 BRYANT CENTERS SUITE 406, LISABOROUGH, OR 10073",1,1.0
id_card_0079,clean,issue_date,2026-06-07,2026-06-07,1,1.0
id_card_0079,clean,expiry_date,2032-06-05,2032-06-05,1,1.0
id_card_0080,clean,name,VERONICA FORD,VERONICA FORD,1,1.0
id_card_0080,clean,dob,1954-08-30,1954-08-30,1,1.0
id_card_0080,clean,id_number,DL-XI70462XP,DL-XI70462XP,1,1.0
id_card_0080,clean,address,"6766 FELICIA SHORE APT. 512, RICEBURY, MP 00956","6766 FELICIA SHORE APT. 512, RICEBURY, MP 00956",1,1.0
id_card_0080,clean,issue_date,2022-02-23,2022-02-23,1,1.0
id_card_0080,clean,expiry_date,2027-02-22,2027-02-22,1,1.0
id_card_0081,clean,name,JEFFREY FERNANDEZ,JEFFREY FERNANDEZ,1,1.0
id_card_0081,clean,dob,1999-07-01,1999-07-01,1,1.0
id_card_0081,clean,id_number,DL-DW68633JR,DL-DW68633JR,1,1.0
id_card_0081,clean,address,"106 JOHN CLIFF, NEW ARTHURTON, IA 97565","106 JOHN CLIFF, NEW ARTHURTON, IA 97565",1,1.0
id_card_0081,clean,issue_date,2026-03-11,2026-03-11,1,1.0
id_card_0081,clean,expiry_date,2031-03-10,2031-03-10,1,1.0
id_card_0082,clean,name,JASON HERNANDEZ,JASON HERNANDEZ,1,1.0
id_card_0082,clean,dob,2001-11-24,2001-11-24,1,1.0
id_card_0082,clean,id_number,DL-UK28439MX,DL-UK28439MX,1,1.0
id_card_0082,clean,address,"42836 HILL POINT APT. 687, WEST SHELLYFURT, WY 69243","42836 HILL POINT APT. 687, WEST SHELLYFURT, WY 69243",1,1.0
id_card_0082,clean,issue_date,2022-01-15,2022-01-15,1,1.0
id_card_0082,clean,expiry_date,2027-01-14,2027-01-14,1,1.0
id_card_0083,clean,name,NATHANIEL LEE,NATHANIEL LEE,1,1.0
id_card_0083,clean,dob,1976-03-06,1976-03-06,1,1.0
id_card_0083,clean,id_number,DL-TJ87334ZD,DL-TJ87334ZD,1,1.0
id_card_0083,clean,address,"668 PAUL GLENS, WEST DEBORAH, NV 49138","668 PAUL GLENS, WEST DEBORAH, NV 49138",1,1.0
id_card_0083,clean,issue_date,2023-02-15,2023-02-15,1,1.0
id_card_0083,clean,expiry_date,2028-02-14,2028-02-14,1,1.0
id_card_0084,clean,name,MICHELE SANDERS,MICHELE SANDERS,1,1.0
id_card_0084,clean,dob,1968-10-30,1968-10-30,1,1.0
id_card_0084,clean,id_number,DL-ZW99013LU,DL-ZW99013LU,1,1.0
id_card_0084,clean,address,"3540 SHARON STREETS, LAKE YVONNEFORT, PW 32298","3540 SHARON STREETS, LAKE YVONNEFORT, PW 32298",1,1.0
id_card_0084,clean,issue_date,2024-10-07,2024-10-07,1,1.0
id_card_0084,clean,expiry_date,2029-10-06,2029-10-06,1,1.0
id_card_0085,clean,name,LAUREN CORTEZ,LAUREN CORTEZ,1,1.0
id_card_0085,clean,dob,1966-11-06,1966-11-06,1,1.0
id_card_0085,clean,id_number,DL-PW54678TQ,DL-PW54678TQ,1,1.0
id_card_0085,clean,address,"771 GILL ISLAND APT. 556, NEW MICHELLEBERG, AK 34681","771 GILL ISLAND APT. 556, NEW MICHELLEBERG, AK 34681",1,1.0
id_card_0085,clean,issue_date,2026-04-04,2026-04-04,1,1.0
id_card_0085,clean,expiry_date,2032-04-02,2032-04-02,1,1.0
id_card_0086,clean,name,RYAN HALL,RYAN HALL,1,1.0
id_card_0086,clean,dob,1970-08-26,1970-08-26,1,1.0
id_card_0086,clean,id_number,DL-PF35369JP,DL-PF35369JP,1,1.0
id_card_0086,clean,address,"7772 JACKSON STRAVENUE SUITE 280, PORT MELANIETON, WV 01337","7772 JACKSON STRAVENUE SUITE 280, PORT MELANIETON, WV 01337",1,1.0
id_card_0086,clean,issue_date,2022-11-09,2022-11-09,1,1.0
id_card_0086,clean,expiry_date,2030-11-07,2030-11-07,1,1.0
id_card_0087,clean,name,DAISY HARVEY,DAISY HARVEY,1,1.0
id_card_0087,clean,dob,1998-09-07,1998-09-07,1,1.0
id_card_0087,clean,id_number,DL-DN03875OQ,DL-DN03875OQ,1,1.0
id_card_0087,clean,address,"700 SMITH PINES SUITE 840, DRAKEBURGH, CT 13125","700 SMITH PINES SUITE 840, DRAKEBURGH, CT 13125",1,1.0
id_card_0087,clean,issue_date,2022-11-05,2022-11-05,1,1.0
id_card_0087,clean,expiry_date,2026-11-04,2026-11-04,1,1.0
id_card_0088,clean,name,MARIA RIVERA,MARIA RIVERA,1,1.0
id_card_0088,clean,dob,1967-09-27,1967-09-27,1,1.0
id_card_0088,clean,id_number,DL-DK46156PS,DL-DK46156PS,1,1.0
id_card_0088,clean,address,"1016 BENNETT MOUNTAINS, LAKE ALBERTBURGH, CO 66018","1016 BENNETT MOUNTAINS, LAKE ALBERTBURGH, CO 66018",1,1.0
id_card_0088,clean,issue_date,2024-07-29,2024-07-29,1,1.0
id_card_0088,clean,expiry_date,2028-07-28,2028-07-28,1,1.0
id_card_0089,clean,name,KIMBERLY REYES,KIMBERLY REYES,1,1.0
id_card_0089,clean,dob,1957-01-19,1957-01-19,1,1.0
id_card_0089,clean,id_number,DL-RC03397ER,DL-RC03397ER,1,1.0
id_card_0089,clean,address,"902 SMITH FORDS APT. 614, NEW JOHN, MP 51508","902 SMITH FORDS APT. 614, NEW JOHN, MP 51508",1,1.0
id_card_0089,clean,issue_date,2026-01-19,2026-01-19,1,1.0
id_card_0089,clean,expiry_date,2032-01-18,2032-01-18,1,1.0
id_card_0090,clean,name,CHRISTIAN DAWSON,CHRISTIAN DAWSON,1,1.0
id_card_0090,clean,dob,2000-11-25,2000-11-25,1,1.0
id_card_0090,clean,id_number,DL-BO18501EV,DL-BO18501EV,1,1.0
id_card_0090,clean,address,"0477 MICHAEL LANE SUITE 296, PORT CHRISTINEBURY, VT 10135","0477 MICHAEL LANE SUITE 296, PORT CHRISTINEBURY, VT 10135",1,1.0
id_card_0090,clean,issue_date,2022-10-01,2022-10-01,1,1.0
id_card_0090,clean,expiry_date,2029-09-29,2029-09-29,1,1.0
id_card_0091,clean,name,BRADLEY SANTANA,BRADLEY SANTANA,1,1.0
id_card_0091,clean,dob,1993-09-12,1993-09-12,1,1.0
id_card_0091,clean,id_number,DL-AT65511CX,DL-AT65511CX,1,1.0
id_card_0091,clean,address,"21267 GARCIA CORNERS SUITE 819, MICHELLETOWN, LA 54739","21267 GARCIA CORNERS SUITE 819, MICHELLETOWN, LA 54739",1,1.0
id_card_0091,clean,issue_date,2022-11-15,2022-11-15,1,1.0
id_card_0091,clean,expiry_date,2029-11-13,2029-11-13,1,1.0
id_card_0092,clean,name,BRIAN TORRES,BRIAN TORRES,1,1.0
id_card_0092,clean,dob,1967-01-30,1967-01-30,1,1.0
id_card_0092,clean,id_number,DL-RT82622RF,DL-RT82622RF,1,1.0
id_card_0092,clean,address,"26464 PATTON LAKE, SHERYLFORT, PA 81329","26464 PATTON LAKE, SHERYLFORT, PA 81329",1,1.0
id_card_0092,clean,issue_date,2026-06-05,2026-06-05,1,1.0
id_card_0092,clean,expiry_date,2032-06-03,2032-06-03,1,1.0
id_card_0093,clean,name,CHRISTINA OSBORN,CHRISTINA OSBORN,1,1.0
id_card_0093,clean,dob,1977-06-27,1977-06-27,1,1.0
id_card_0093,clean,id_number,DL-BP96575MI,DL-BP96575MI,1,1.0
id_card_0093,clean,address,"9375 TAMARA ISLAND SUITE 793, NICHOLASFURT, MN 15428","9375 TAMARA ISLAND SUITE 793, NICHOLASFURT, MN 15428",1,1.0
id_card_0093,clean,issue_date,2024-05-21,2024-05-21,1,1.0
id_card_0093,clean,expiry_date,2028-05-20,2028-05-20,1,1.0
id_card_0094,clean,name,ANDREW SCHMITT,ANDREW SCHMITT,1,1.0
id_card_0094,clean,dob,1962-10-22,1962-10-22,1,1.0
id_card_0094,clean,id_number,DL-SE07374YY,DL-SE07374YY,1,1.0
id_card_0094,clean,address,"724 JOHNNY DRIVES SUITE 617, AGUILARSIDE, NY 91164","724 JOHNNY DRIVES SUITE 617, AGUILARSIDE, NY 91164",1,1.0
id_card_0094,clean,issue_date,2026-03-29,2026-03-29,1,1.0
id_card_0094,clean,expiry_date,2032-03-27,2032-03-27,1,1.0
id_card_0095,clean,name,ZACHARY WEBB,ZACHARY WEBB,1,1.0
id_card_0095,clean,dob,1998-04-23,1998-04-23,1,1.0
id_card_0095,clean,id_number,DL-KP91135NC,DL-KP91135NC,1,1.0
id_card_0095,clean,address,"6101 WALKER SUMMIT APT. 756, BARTONSHIRE, UT 66098","6101 WALKER SUMMIT APT. 756, BARTONSHIRE, UT 66098",1,1.0
id_card_0095,clean,issue_date,2026-02-16,2026-02-16,1,1.0
id_card_0095,clean,expiry_date,2031-02-15,2031-02-15,1,1.0
id_card_0096,clean,name,JUSTIN MULLEN,JUSTIN MULLEN,1,1.0
id_card_0096,clean,dob,1970-09-01,1970-09-01,1,1.0
id_card_0096,clean,id_number,DL-VD11254YN,DL-VD11254YN,1,1.0
id_card_0096,clean,address,"7177 JONES CAPE APT. 051, LAKE JOHN, HI 72840","7177 JONES CAPE APT. 051, LAKE JOHN, HI 72840",1,1.0
id_card_0096,clean,issue_date,2025-02-05,2025-02-05,1,1.0
id_card_0096,clean,expiry_date,2033-02-03,2033-02-03,1,1.0
id_card_0097,clean,name,JAMES LONG,JAMES LONG,1,1.0
id_card_0097,clean,dob,1966-05-04,1966-05-04,1,1.0
id_card_0097,clean,id_number,DL-VN22660MC,DL-VN22660MC,1,1.0
id_card_0097,clean,address,"0334 BARBARA UNION APT. 553, WILSONFORT, NC 84270","0334 BARBARA UNION APT. 553, WILSONFORT, NC 84270",1,1.0
id_card_0097,clean,issue_date,2025-01-02,2025-01-02,1,1.0
id_card_0097,clean,expiry_date,2031-01-01,2031-01-01,1,1.0
id_card_0098,clean,name,JOHN MEDINA,JOHN MEDINA,1,1.0
id_card_0098,clean,dob,1958-05-03,1958-05-03,1,1.0
id_card_0098,clean,id_number,DL-NL57924FR,DL-NL57924FR,1,1.0
id_card_0098,clean,address,"1341 NATHANIEL DIVIDE, BARNESBERG, OK 50794","1341 NATHANIEL DIVIDE, BARNESBERG, OK 50794",1,1.0
id_card_0098,clean,issue_date,2024-07-08,2024-07-08,1,1.0
id_card_0098,clean,expiry_date,2031-07-07,2031-07-07,1,1.0
id_card_0099,clean,name,KATHERINE MILLER,KATHERINE MILLER,1,1.0
id_card_0099,clean,dob,1994-06-22,1994-06-22,1,1.0
id_card_0099,clean,id_number,DL-LU82742CN,DL-LU82742CN,1,1.0
id_card_0099,clean,address,"0723 MAYNARD PARKWAYS, ORTIZFORT, MT 93580","0723 MAYNARD PARKWAYS, ORTIZFORT, MT 93580",1,1.0
id_card_0099,clean,issue_date,2023-01-13,2023-01-13,1,1.0
id_card_0099,clean,expiry_date,2028-01-12,2028-01-12,1,1.0
id_card_0100,clean,name,ELIZABETH KIDD,ELIZABETH KIDD,1,1.0
id_card_0100,clean,dob,1952-08-30,1952-08-30,1,1.0
id_card_0100,clean,id_number,DL-SK40438XD,DL-SK40438XD,1,1.0
id_card_0100,clean,address,"819 JOSEPH PLAINS SUITE 807, SOUTH CURTIS, MP 86179","819 JOSEPH PLAINS SUITE 807, SOUTH CURTIS, MP 86179",1,1.0
id_card_0100,clean,issue_date,2023-06-09,2023-06-09,1,1.0
id_card_0100,clean,expiry_date,2027-06-08,2027-06-08,1,1.0
id_card_0001_blur,blur,name,DONALD BOOTH,DONALD BOOTH,1,1.0
id_card_0001_blur,blur,dob,1994-01-28,1994-01-28,1,1.0
id_card_0001_blur,blur,id_number,DL-VG04332RV,DL-VG04332RV,1,1.0
id_card_0001_blur,blur,address,"600 JEFFERY PARKWAYS, NEW JAMESSIDE, MT 29394","600 JEFFERY PARKWAYS, NEW JAMESSIDE, MT 29394",1,1.0
id_card_0001_blur,blur,issue_date,2022-07-04,2022-07-04,1,1.0
id_card_0001_blur,blur,expiry_date,2026-07-03,2026-07-03,1,1.0
id_card_0001_combined,combined,name,DONALD BOOTH,DONALD BOOTH,1,1.0
id_card_0001_combined,combined,dob,1994-01-28,1994-01-28,1,1.0
id_card_0001_combined,combined,id_number,DL-VG04332RV,DL-VG04332RV,1,1.0
id_card_0001_combined,combined,address,"600 JEFFERY PARKWAYS, NEW JAMESSIDE, MT 29394","600 JEFFERY PARKWAYS, NEW JAMESSIDE, MT 29394",1,1.0
id_card_0001_combined,combined,issue_date,2022-07-04,2022-07-04,1,1.0
id_card_0001_combined,combined,expiry_date,2026-07-03,2026-07-03,1,1.0
id_card_0001_glare,glare,name,DONALD BOOTH,DONALD BOOTH,1,1.0
id_card_0001_glare,glare,dob,1994-01-28,1994-01-28,1,1.0
id_card_0001_glare,glare,id_number,DL-VG04332RV,DL-VG04332RV,1,1.0
id_card_0001_glare,glare,address,"600 JEFFERY PARKWAYS, NEW JAMESSIDE, MT 29394","600 JEFFERY PARKWAYS, NEW JAMESSIDE, MT 29394",1,1.0
id_card_0001_glare,glare,issue_date,2022-07-04,2022-07-04,1,1.0
id_card_0001_glare,glare,expiry_date,2026-07-03,2026-07-03,1,1.0
id_card_0001_jpeg,jpeg,name,DONALD BOOTH,DONALD BOOTH,1,1.0
id_card_0001_jpeg,jpeg,dob,1994-01-28,1994-01-28,1,1.0
id_card_0001_jpeg,jpeg,id_number,DL-VG04332RV,DL-VG04332RV,1,1.0
id_card_0001_jpeg,jpeg,address,"600 JEFFERY PARKWAYS, NEW JAMESSIDE, MT 29394","600 JEFFERY PARKWAYS, NEW JAMESSIDE, MT 29394",1,1.0
id_card_0001_jpeg,jpeg,issue_date,2022-07-04,2022-07-04,1,1.0
id_card_0001_jpeg,jpeg,expiry_date,2026-07-03,2026-07-03,1,1.0
id_card_0001_rotation,rotation,name,DONALD BOOTH,DONALD BOOTH,1,1.0
id_card_0001_rotation,rotation,dob,1994-01-28,1994-01-28,1,1.0
id_card_0001_rotation,rotation,id_number,DL-VG04332RV,DL-VG04332RV,1,1.0
id_card_0001_rotation,rotation,address,"600 JEFFERY PARKWAYS, NEW JAMESSIDE, MT 29394","600 JEFFERY PARKWAYS, NEW JAMESSIDE, MT 29394",1,1.0
id_card_0001_rotation,rotation,issue_date,2022-07-04,2026-07-03,0,0.8
id_card_0001_rotation,rotation,expiry_date,2026-07-03,2026-07-03,1,1.0
id_card_0002_blur,blur,name,DYLAN MILLER,DYLAN MILLER,1,1.0
id_card_0002_blur,blur,dob,2002-03-14,2002-03-14,1,1.0
id_card_0002_blur,blur,id_number,DL-WV65423GF,DL-WV65423GF,1,1.0
id_card_0002_blur,blur,address,"55940 HERRERA LANE APT. 849, BARBARALAND, AZ 87174","55940 HERRERA LANE APT. 849, BARBARALAND, AZ 87174",1,1.0
id_card_0002_blur,blur,issue_date,2022-12-02,2022-12-02,1,1.0
id_card_0002_blur,blur,expiry_date,2027-12-01,2027-12-01,1,1.0
id_card_0002_combined,combined,name,DYLAN MILLER,DYLAN MILLER,1,1.0
id_card_0002_combined,combined,dob,2002-03-14,2002-03-14,1,1.0
id_card_0002_combined,combined,id_number,DL-WV65423GF,DL-WV65423GF,1,1.0
id_card_0002_combined,combined,address,"55940 HERRERA LANE APT. 849, BARBARALAND, AZ 87174","55940 HERRERA LANE APT. 849, BARBARALAND, AZ 87174",1,1.0
id_card_0002_combined,combined,issue_date,2022-12-02,2022-12-02,1,1.0
id_card_0002_combined,combined,expiry_date,2027-12-01,2027-12-01,1,1.0
id_card_0002_glare,glare,name,DYLAN MILLER,DYLAN MILLER,1,1.0
id_card_0002_glare,glare,dob,2002-03-14,2002-03-14,1,1.0
id_card_0002_glare,glare,id_number,DL-WV65423GF,DL-WV65423GF,1,1.0
id_card_0002_glare,glare,address,"55940 HERRERA LANE APT. 849, BARBARALAND, AZ 87174","55940 HERRERA LANE APT. 849, BARBARALAND, AZ 87174",1,1.0
id_card_0002_glare,glare,issue_date,2022-12-02,2022-12-02,1,1.0
id_card_0002_glare,glare,expiry_date,2027-12-01,2027-12-01,1,1.0
id_card_0002_jpeg,jpeg,name,DYLAN MILLER,DYLAN MILLER,1,1.0
id_card_0002_jpeg,jpeg,dob,2002-03-14,2002-03-14,1,1.0
id_card_0002_jpeg,jpeg,id_number,DL-WV65423GF,DL-WV65423GF,1,1.0
id_card_0002_jpeg,jpeg,address,"55940 HERRERA LANE APT. 849, BARBARALAND, AZ 87174","55940 HERRERA LANE APT. 849, BARBARALAND, AZ 87174",1,1.0
id_card_0002_jpeg,jpeg,issue_date,2022-12-02,2022-12-02,1,1.0
id_card_0002_jpeg,jpeg,expiry_date,2027-12-01,2027-12-01,1,1.0
id_card_0002_rotation,rotation,name,DYLAN MILLER,DYLAN MILLER,1,1.0
id_card_0002_rotation,rotation,dob,2002-03-14,2002-03-14,1,1.0
id_card_0002_rotation,rotation,id_number,DL-WV65423GF,DL-WV65423GF,1,1.0
id_card_0002_rotation,rotation,address,"55940 HERRERA LANE APT. 849, BARBARALAND, AZ 87174","55940 HERRERA LANE APT. 849, BARBARALAND, AZ 87174",1,1.0
id_card_0002_rotation,rotation,issue_date,2022-12-02,2027-12-01,0,0.8
id_card_0002_rotation,rotation,expiry_date,2027-12-01,2027-12-01,1,1.0
id_card_0003_blur,blur,name,THOMAS BRADLEY,THOMAS BRADLEY,1,1.0
id_card_0003_blur,blur,dob,1966-05-28,1966-05-28,1,1.0
id_card_0003_blur,blur,id_number,DL-XW64752NQ,DL-XW64752NQ,1,1.0
id_card_0003_blur,blur,address,"192 FRANK LIGHT SUITE 835, EAST LYDIAMOUTH, MO 35594","192 FRANK LIGHT SUITE 835, EASI LYDIAMOUTH, MO 35594",0,0.9808
id_card_0003_blur,blur,issue_date,2022-06-02,2022-06-02,1,1.0
id_card_0003_blur,blur,expiry_date,2030-05-31,2030-05-31,1,1.0
id_card_0003_combined,combined,name,THOMAS BRADLEY,THOMAS BRADLEY,1,1.0
id_card_0003_combined,combined,dob,1966-05-28,1966-05-28,1,1.0
id_card_0003_combined,combined,id_number,DL-XW64752NQ,DL-XW64752NQ,1,1.0
id_card_0003_combined,combined,address,"192 FRANK LIGHT SUITE 835, EAST LYDIAMOUTH, MO 35594","192 FRANK LIGHT SUITE 835, EAST LYDIAMOUTH, MO 35594",1,1.0
id_card_0003_combined,combined,issue_date,2022-06-02,2022-06-02,1,1.0
id_card_0003_combined,combined,expiry_date,2030-05-31,2030-05-31,1,1.0
id_card_0003_glare,glare,name,THOMAS BRADLEY,THOMAS BRADLEY,1,1.0
id_card_0003_glare,glare,dob,1966-05-28,1966-05-28,1,1.0
id_card_0003_glare,glare,id_number,DL-XW64752NQ,DL-XW64752NQ,1,1.0
id_card_0003_glare,glare,address,"192 FRANK LIGHT SUITE 835, EAST LYDIAMOUTH, MO 35594","192 FRANK LIGHT SUITE 835, EAST LYDIAMOUTH, MO 35594",1,1.0
id_card_0003_glare,glare,issue_date,2022-06-02,2022-06-02,1,1.0
id_card_0003_glare,glare,expiry_date,2030-05-31,2030-05-31,1,1.0
id_card_0003_jpeg,jpeg,name,THOMAS BRADLEY,THOMAS BRADLEY,1,1.0
id_card_0003_jpeg,jpeg,dob,1966-05-28,1966-05-28,1,1.0
id_card_0003_jpeg,jpeg,id_number,DL-XW64752NQ,DL-XW64752NQ,1,1.0
id_card_0003_jpeg,jpeg,address,"192 FRANK LIGHT SUITE 835, EAST LYDIAMOUTH, MO 35594","192 FRANK LIGHT SUITE 835, EAST LYDIAMOUTH, MO 35594",1,1.0
id_card_0003_jpeg,jpeg,issue_date,2022-06-02,2022-06-02,1,1.0
id_card_0003_jpeg,jpeg,expiry_date,2030-05-31,2030-05-31,1,1.0
id_card_0003_rotation,rotation,name,THOMAS BRADLEY,THOMAS BRADLEY,1,1.0
id_card_0003_rotation,rotation,dob,1966-05-28,1966-05-28,1,1.0
id_card_0003_rotation,rotation,id_number,DL-XW64752NQ,DL-XW64752NQ,1,1.0
id_card_0003_rotation,rotation,address,"192 FRANK LIGHT SUITE 835, EAST LYDIAMOUTH, MO 35594","192 FRANK LIGHT SUITE 835, EAST LYDIAMOUTH, MO 35594",1,1.0
id_card_0003_rotation,rotation,issue_date,2022-06-02,2030-05-31,0,0.5
id_card_0003_rotation,rotation,expiry_date,2030-05-31,2030-05-31,1,1.0
id_card_0004_blur,blur,name,JANICE CARLSON,JANICE CARLSON,1,1.0
id_card_0004_blur,blur,dob,1999-06-01,1999-06-01,1,1.0
id_card_0004_blur,blur,id_number,DL-QI37672PV,DL-QI37672PV,1,1.0
id_card_0004_blur,blur,address,"969 COX DAM SUITE 101, LAKE ERNEST, TX 55834","969 COX DAM SUITE 101, LAKE ERNESI, TX 55834",0,0.9773
id_card_0004_blur,blur,issue_date,2024-03-27,2024-03-27,1,1.0
id_card_0004_blur,blur,expiry_date,2029-03-26,2029-03-26,1,1.0
id_card_0004_combined,combined,name,JANICE CARLSON,JANICE CARLSON,1,1.0
id_card_0004_combined,combined,dob,1999-06-01,1999-06-01,1,1.0
id_card_0004_combined,combined,id_number,DL-QI37672PV,DL-QI37672PV,1,1.0
id_card_0004_combined,combined,address,"969 COX DAM SUITE 101, LAKE ERNEST, TX 55834","969 COX DAM SUITE 101, LAKE ERNEST, TX 55834",1,1.0
id_card_0004_combined,combined,issue_date,2024-03-27,2024-03-27,1,1.0
id_card_0004_combined,combined,expiry_date,2029-03-26,2029-03-26,1,1.0
id_card_0004_glare,glare,name,JANICE CARLSON,JANICE CARLSON,1,1.0
id_card_0004_glare,glare,dob,1999-06-01,1999-06-01,1,1.0
id_card_0004_glare,glare,id_number,DL-QI37672PV,DL-QI37672PV,1,1.0
id_card_0004_glare,glare,address,"969 COX DAM SUITE 101, LAKE ERNEST, TX 55834","969 COX DAM SUITE 101, LAKE ERNEST, TX 55834",1,1.0
id_card_0004_glare,glare,issue_date,2024-03-27,2024-03-27,1,1.0
id_card_0004_glare,glare,expiry_date,2029-03-26,2029-03-26,1,1.0
id_card_0004_jpeg,jpeg,name,JANICE CARLSON,JANICE CARLSON,1,1.0
id_card_0004_jpeg,jpeg,dob,1999-06-01,1999-06-01,1,1.0
id_card_0004_jpeg,jpeg,id_number,DL-QI37672PV,DL-QI37672PV,1,1.0
id_card_0004_jpeg,jpeg,address,"969 COX DAM SUITE 101, LAKE ERNEST, TX 55834","969 COX DAM SUITE 101, LAKE ERNEST, TX 55834",1,1.0
id_card_0004_jpeg,jpeg,issue_date,2024-03-27,2024-03-27,1,1.0
id_card_0004_jpeg,jpeg,expiry_date,2029-03-26,2029-03-26,1,1.0
id_card_0004_rotation,rotation,name,JANICE CARLSON,JANICE CARLSON,1,1.0
id_card_0004_rotation,rotation,dob,1999-06-01,1999-06-01,1,1.0
id_card_0004_rotation,rotation,id_number,DL-QI37672PV,DL-QI37672PV,1,1.0
id_card_0004_rotation,rotation,address,"969 COX DAM SUITE 101, LAKE ERNEST, TX 55834","969 COX DAM SUITE 101, LAKE ERNEST, TX 55834",1,1.0
id_card_0004_rotation,rotation,issue_date,2024-03-27,2029-03-26,0,0.8
id_card_0004_rotation,rotation,expiry_date,2029-03-26,2029-03-26,1,1.0
id_card_0005_blur,blur,name,TAMMY SELLERS,TAMMY SELLERS,1,1.0
id_card_0005_blur,blur,dob,1982-05-31,1982-05-31,1,1.0
id_card_0005_blur,blur,id_number,DL-WR48018XP,DL-WR48018XP,1,1.0
id_card_0005_blur,blur,address,"46270 STANTON TRACK APT. 814, EAST NATHANIEL, GA 71198","46270 SIANTON TRACK APT. 814, EASI NATHANIEL, GA 71198",0,0.963
id_card_0005_blur,blur,issue_date,2026-01-22,2026-01-22,1,1.0
id_card_0005_blur,blur,expiry_date,2034-01-20,2034-01-20,1,1.0
id_card_0005_combined,combined,name,TAMMY SELLERS,TAMMY SELLERS,1,1.0
id_card_0005_combined,combined,dob,1982-05-31,1982-05-31,1,1.0
id_card_0005_combined,combined,id_number,DL-WR48018XP,DL-WR48018XP,1,1.0
id_card_0005_combined,combined,address,"46270 STANTON TRACK APT. 814, EAST NATHANIEL, GA 71198","46270 STANTON TRACK APT. 814, EAST NATHANIEL, GA 71198",1,1.0
id_card_0005_combined,combined,issue_date,2026-01-22,2026-01-22,1,1.0
id_card_0005_combined,combined,expiry_date,2034-01-20,2034-01-20,1,1.0
id_card_0005_glare,glare,name,TAMMY SELLERS,TAMMY SELLERS,1,1.0
id_card_0005_glare,glare,dob,1982-05-31,1982-05-31,1,1.0
id_card_0005_glare,glare,id_number,DL-WR48018XP,DL-WR48018XP,1,1.0
id_card_0005_glare,glare,address,"46270 STANTON TRACK APT. 814, EAST NATHANIEL, GA 71198","46270 STANTON TRACK APT. 814, EAST NATHANIEL, GA 71198",1,1.0
id_card_0005_glare,glare,issue_date,2026-01-22,2026-01-22,1,1.0
id_card_0005_glare,glare,expiry_date,2034-01-20,2034-01-20,1,1.0
id_card_0005_jpeg,jpeg,name,TAMMY SELLERS,TAMMY SELLERS,1,1.0
id_card_0005_jpeg,jpeg,dob,1982-05-31,1982-05-31,1,1.0
id_card_0005_jpeg,jpeg,id_number,DL-WR48018XP,DL-WR48018XP,1,1.0
id_card_0005_jpeg,jpeg,address,"46270 STANTON TRACK APT. 814, EAST NATHANIEL, GA 71198","46270 STANTON TRACK APT. 814, EAST NATHANIEL, GA 71198",1,1.0
id_card_0005_jpeg,jpeg,issue_date,2026-01-22,2026-01-22,1,1.0
id_card_0005_jpeg,jpeg,expiry_date,2034-01-20,2034-01-20,1,1.0
id_card_0005_rotation,rotation,name,TAMMY SELLERS,TAMMY SELLERS,1,1.0
id_card_0005_rotation,rotation,dob,1982-05-31,1982-05-31,1,1.0
id_card_0005_rotation,rotation,id_number,DL-WR48018XP,DL-WR48018XP,1,1.0
id_card_0005_rotation,rotation,address,"46270 STANTON TRACK APT. 814, EAST NATHANIEL, GA 71198","46270 STANTON TRACK APT. 814, EAST NATHANIEL, GA 71198",1,1.0
id_card_0005_rotation,rotation,issue_date,2026-01-22,2034-01-20,0,0.7
id_card_0005_rotation,rotation,expiry_date,2034-01-20,2034-01-20,1,1.0
id_card_0006_blur,blur,name,MELISSA MARQUEZ,MELISSA MARQUEZ,1,1.0
id_card_0006_blur,blur,dob,1991-04-27,1991-04-27,1,1.0
id_card_0006_blur,blur,id_number,DL-PD70154PK,DL-PD70154PK,1,1.0
id_card_0006_blur,blur,address,"71822 ARROYO EXPRESSWAY, ALLISONCHESTER, IL 71187","71822 ARROYO EXPRESSWAY, ALLISONCHESIER, IL 71187",0,0.9796
id_card_0006_blur,blur,issue_date,2024-04-26,2024-04-26,1,1.0
id_card_0006_blur,blur,expiry_date,2029-04-25,2029-04-25,1,1.0
id_card_0006_combined,combined,name,MELISSA MARQUEZ,MELISSA MARQUEZ,1,1.0
id_card_0006_combined,combined,dob,1991-04-27,1991-04-27,1,1.0
id_card_0006_combined,combined,id_number,DL-PD70154PK,DL-PD70154PK,1,1.0
id_card_0006_combined,combined,address,"71822 ARROYO EXPRESSWAY, ALLISONCHESTER, IL 71187","71822 ARROYO EXPRESSWAY, ALLISONCHESTER, IL 71187",1,1.0
id_card_0006_combined,combined,issue_date,2024-04-26,2024-04-26,1,1.0
id_card_0006_combined,combined,expiry_date,2029-04-25,2029-04-25,1,1.0
id_card_0006_glare,glare,name,MELISSA MARQUEZ,MELISSA MARQUEZ,1,1.0
id_card_0006_glare,glare,dob,1991-04-27,1991-04-27,1,1.0
id_card_0006_glare,glare,id_number,DL-PD70154PK,DL-PD70154PK,1,1.0
id_card_0006_glare,glare,address,"71822 ARROYO EXPRESSWAY, ALLISONCHESTER, IL 71187","71822 ARROYO EXPRESSWAY, ALLISONCHESTER, IL 71187",1,1.0
id_card_0006_glare,glare,issue_date,2024-04-26,2024-04-26,1,1.0
id_card_0006_glare,glare,expiry_date,2029-04-25,2029-04-25,1,1.0
id_card_0006_jpeg,jpeg,name,MELISSA MARQUEZ,MELISSA MARQUEZ,1,1.0
id_card_0006_jpeg,jpeg,dob,1991-04-27,1991-04-27,1,1.0
id_card_0006_jpeg,jpeg,id_number,DL-PD70154PK,DL-PD70154PK,1,1.0
id_card_0006_jpeg,jpeg,address,"71822 ARROYO EXPRESSWAY, ALLISONCHESTER, IL 71187","71822 ARROYO EXPRESSWAY, ALLISONCHESTER, IL 71187",1,1.0
id_card_0006_jpeg,jpeg,issue_date,2024-04-26,2024-04-26,1,1.0
id_card_0006_jpeg,jpeg,expiry_date,2029-04-25,2029-04-25,1,1.0
id_card_0006_rotation,rotation,name,MELISSA MARQUEZ,MELISSA MARQUEZ,1,1.0
id_card_0006_rotation,rotation,dob,1991-04-27,1991-04-27,1,1.0
id_card_0006_rotation,rotation,id_number,DL-PD70154PK,DL-PD70154PK,1,1.0
id_card_0006_rotation,rotation,address,"71822 ARROYO EXPRESSWAY, ALLISONCHESTER, IL 71187","71822 ARROYO EXPRESSWAY, ALLISONCHESTER, IL 71187",1,1.0
id_card_0006_rotation,rotation,issue_date,2024-04-26,2029-04-25,0,0.8
id_card_0006_rotation,rotation,expiry_date,2029-04-25,2029-04-25,1,1.0
id_card_0007_blur,blur,name,MR. NATHANIEL KHAN,MR. NATHANIEL KHAN,1,1.0
id_card_0007_blur,blur,dob,1977-09-18,1977-09-18,1,1.0
id_card_0007_blur,blur,id_number,DL-OE78713VB,DL-OE78713VB,1,1.0
id_card_0007_blur,blur,address,"301 JEREMY BYPASS, CHADBURY, KY 88185","301 JEREMY BYPASS, CHADBURY, KY 88185",1,1.0
id_card_0007_blur,blur,issue_date,2024-09-26,2024-09-26,1,1.0
id_card_0007_blur,blur,expiry_date,2029-09-25,2029-09-25,1,1.0
id_card_0007_combined,combined,name,MR. NATHANIEL KHAN,MR. NATHANIEL KHAN,1,1.0
id_card_0007_combined,combined,dob,1977-09-18,1977-09-18,1,1.0
id_card_0007_combined,combined,id_number,DL-OE78713VB,DL-OE78713VB,1,1.0
id_card_0007_combined,combined,address,"301 JEREMY BYPASS, CHADBURY, KY 88185","301 JEREMY BYPASS, CHADBURY, KY 88185",1,1.0
id_card_0007_combined,combined,issue_date,2024-09-26,2024-09-26,1,1.0
id_card_0007_combined,combined,expiry_date,2029-09-25,2029-09-25,1,1.0
id_card_0007_glare,glare,name,MR. NATHANIEL KHAN,MR. NATHANIEL KHAN,1,1.0
id_card_0007_glare,glare,dob,1977-09-18,1977-09-18,1,1.0
id_card_0007_glare,glare,id_number,DL-OE78713VB,DL-OE78713VB,1,1.0
id_card_0007_glare,glare,address,"301 JEREMY BYPASS, CHADBURY, KY 88185","301 JEREMY BYPASS, CHADBURY, KY 88185",1,1.0
id_card_0007_glare,glare,issue_date,2024-09-26,2024-09-26,1,1.0
id_card_0007_glare,glare,expiry_date,2029-09-25,2029-09-25,1,1.0
id_card_0007_jpeg,jpeg,name,MR. NATHANIEL KHAN,MR. NATHANIEL KHAN,1,1.0
id_card_0007_jpeg,jpeg,dob,1977-09-18,1977-09-18,1,1.0
id_card_0007_jpeg,jpeg,id_number,DL-OE78713VB,DL-OE78713V8,0,0.9167
id_card_0007_jpeg,jpeg,address,"301 JEREMY BYPASS, CHADBURY, KY 88185","301 JEREMY BYPASS, CHADBURY, KY 88185",1,1.0
id_card_0007_jpeg,jpeg,issue_date,2024-09-26,2024-09-26,1,1.0
id_card_0007_jpeg,jpeg,expiry_date,2029-09-25,2029-09-25,1,1.0
id_card_0007_rotation,rotation,name,MR. NATHANIEL KHAN,MR. NATHANIEL KHAN,1,1.0
id_card_0007_rotation,rotation,dob,1977-09-18,1977-09-18,1,1.0
id_card_0007_rotation,rotation,id_number,DL-OE78713VB,DL-OE78713VB,1,1.0
id_card_0007_rotation,rotation,address,"301 JEREMY BYPASS, CHADBURY, KY 88185","301 JEREMY BYPASS, CHADBURY, KY 88185",1,1.0
id_card_0007_rotation,rotation,issue_date,2024-09-26,2029-09-25,0,0.8
id_card_0007_rotation,rotation,expiry_date,2029-09-25,2029-09-25,1,1.0
id_card_0008_blur,blur,name,THOMAS RAMOS,THOMAS RAMOS,1,1.0
id_card_0008_blur,blur,dob,1989-10-09,1989-10-09,1,1.0
id_card_0008_blur,blur,id_number,DL-GQ37631BW,DL-GQ37631BW,1,1.0
id_card_0008_blur,blur,address,"7010 CHANDLER UNION APT. 333, TAYLORBURGH, KY 61138","7010 CHANDLER UNION APT. 333, TAYLORBURGH, KY 61138",1,1.0
id_card_0008_blur,blur,issue_date,2025-07-31,2025-07-31,1,1.0
id_card_0008_blur,blur,expiry_date,2030-07-30,2030-07-30,1,1.0
id_card_0008_combined,combined,name,THOMAS RAMOS,THOMAS RAMOS,1,1.0
id_card_0008_combined,combined,dob,1989-10-09,1989-10-09,1,1.0
id_card_0008_combined,combined,id_number,DL-GQ37631BW,DL-GQ37631BW,1,1.0
id_card_0008_combined,combined,address,"7010 CHANDLER UNION APT. 333, TAYLORBURGH, KY 61138","7010 CHANDLER UNION APT. 333, TAYLORBURGH, KY 61138",1,1.0
id_card_0008_combined,combined,issue_date,2025-07-31,2025-07-31,1,1.0
id_card_0008_combined,combined,expiry_date,2030-07-30,2030-07-30,1,1.0
id_card_0008_glare,glare,name,THOMAS RAMOS,THOMAS RAMOS,1,1.0
id_card_0008_glare,glare,dob,1989-10-09,1989-10-09,1,1.0
id_card_0008_glare,glare,id_number,DL-GQ37631BW,DL-GQ37631BW,1,1.0
id_card_0008_glare,glare,address,"7010 CHANDLER UNION APT. 333, TAYLORBURGH, KY 61138","7010 CHANDLER UNION APT. 333, TAYLORBURGH, KY 61138",1,1.0
id_card_0008_glare,glare,issue_date,2025-07-31,2025-07-31,1,1.0
id_card_0008_glare,glare,expiry_date,2030-07-30,2030-07-30,1,1.0
id_card_0008_jpeg,jpeg,name,THOMAS RAMOS,THOMAS RAMOS,1,1.0
id_card_0008_jpeg,jpeg,dob,1989-10-09,1989-10-09,1,1.0
id_card_0008_jpeg,jpeg,id_number,DL-GQ37631BW,DL-GQ376318W,0,0.9167
id_card_0008_jpeg,jpeg,address,"7010 CHANDLER UNION APT. 333, TAYLORBURGH, KY 61138","7010 CHANDLER UNION APT. 333, TAYLORBURGH, KY 61138",1,1.0
id_card_0008_jpeg,jpeg,issue_date,2025-07-31,2025-07-31,1,1.0
id_card_0008_jpeg,jpeg,expiry_date,2030-07-30,2030-07-30,1,1.0
id_card_0008_rotation,rotation,name,THOMAS RAMOS,THOMAS RAMOS,1,1.0
id_card_0008_rotation,rotation,dob,1989-10-09,1989-10-09,1,1.0
id_card_0008_rotation,rotation,id_number,DL-GQ37631BW,DL-GQ37631BW,1,1.0
id_card_0008_rotation,rotation,address,"7010 CHANDLER UNION APT. 333, TAYLORBURGH, KY 61138","7010 CHANDLER UNION APT. 333, TAYLORBURGH, KY 61138",1,1.0
id_card_0008_rotation,rotation,issue_date,2025-07-31,2030-07-30,0,0.7
id_card_0008_rotation,rotation,expiry_date,2030-07-30,2030-07-30,1,1.0
id_card_0009_blur,blur,name,MR. DANIEL BROWN,MR. DANIEL BROWN,1,1.0
id_card_0009_blur,blur,dob,1988-01-05,1988-01-05,1,1.0
id_card_0009_blur,blur,id_number,DL-KA08013FE,DL-KA08013FE,1,1.0
id_card_0009_blur,blur,address,"0260 BAKER TUNNEL, MITCHELLSIDE, TN 94664","0260 BAKER TUNNEL, MITCHELLSIDE, TN 94664",1,1.0
id_card_0009_blur,blur,issue_date,2022-05-24,2022-05-24,1,1.0
id_card_0009_blur,blur,expiry_date,2026-05-23,2026-05-23,1,1.0
id_card_0009_combined,combined,name,MR. DANIEL BROWN,MR. DANIEL BROWN,1,1.0
id_card_0009_combined,combined,dob,1988-01-05,1988-01-05,1,1.0
id_card_0009_combined,combined,id_number,DL-KA08013FE,DL-KA08013FE,1,1.0
id_card_0009_combined,combined,address,"0260 BAKER TUNNEL, MITCHELLSIDE, TN 94664","0260 BAKER TUNNEL, MITCHELLSIDE, TN 94664",1,1.0
id_card_0009_combined,combined,issue_date,2022-05-24,2022-05-24,1,1.0
id_card_0009_combined,combined,expiry_date,2026-05-23,2026-05-23,1,1.0
id_card_0009_glare,glare,name,MR. DANIEL BROWN,MR. DANIEL BROWN,1,1.0
id_card_0009_glare,glare,dob,1988-01-05,1988-01-05,1,1.0
id_card_0009_glare,glare,id_number,DL-KA08013FE,DL-KA08013FE,1,1.0
id_card_0009_glare,glare,address,"0260 BAKER TUNNEL, MITCHELLSIDE, TN 94664","0260 BAKER TUNNEL, MITCHELLSIDE, TN 94664",1,1.0
id_card_0009_glare,glare,issue_date,2022-05-24,2022-05-24,1,1.0
id_card_0009_glare,glare,expiry_date,2026-05-23,2026-05-23,1,1.0
id_card_0009_jpeg,jpeg,name,MR. DANIEL BROWN,MR. DANIEL BROWN,1,1.0
id_card_0009_jpeg,jpeg,dob,1988-01-05,1988-01-05,1,1.0
id_card_0009_jpeg,jpeg,id_number,DL-KA08013FE,DL-KA08013FE,1,1.0
id_card_0009_jpeg,jpeg,address,"0260 BAKER TUNNEL, MITCHELLSIDE, TN 94664","0260 BAKER TUNNEL, MITCHELLSIDE, TN 94664",1,1.0
id_card_0009_jpeg,jpeg,issue_date,2022-05-24,2022-05-24,1,1.0
id_card_0009_jpeg,jpeg,expiry_date,2026-05-23,2026-05-23,1,1.0
id_card_0009_rotation,rotation,name,MR. DANIEL BROWN,MR. DANIEL BROWN,1,1.0
id_card_0009_rotation,rotation,dob,1988-01-05,1988-01-05,1,1.0
id_card_0009_rotation,rotation,id_number,DL-KA08013FE,DL-KA08013FE,1,1.0
id_card_0009_rotation,rotation,address,"0260 BAKER TUNNEL, MITCHELLSIDE, TN 94664","0260 BAKER TUNNEL, MITCHELLSIDE, TN 94664",1,1.0
id_card_0009_rotation,rotation,issue_date,2022-05-24,2026-05-23,0,0.8
id_card_0009_rotation,rotation,expiry_date,2026-05-23,2026-05-23,1,1.0
id_card_0010_blur,blur,name,LISA BARNES,LISA BARNES,1,1.0
id_card_0010_blur,blur,dob,2000-08-17,2000-08-17,1,1.0
id_card_0010_blur,blur,id_number,DL-EG05009HK,DL-EG05009HK,1,1.0
id_card_0010_blur,blur,address,"121 EMMA FREEWAY, WILSONSHIRE, IA 76381","121 EMMA FREEWAY, WILSONSHIRE, IA 76381",1,1.0
id_card_0010_blur,blur,issue_date,2026-03-04,2026-03-04,1,1.0
id_card_0010_blur,blur,expiry_date,2030-03-03,2030-03-03,1,1.0
id_card_0010_combined,combined,name,LISA BARNES,LISA BARNES,1,1.0
id_card_0010_combined,combined,dob,2000-08-17,2000-08-17,1,1.0
id_card_0010_combined,combined,id_number,DL-EG05009HK,DL-EG05009HK,1,1.0
id_card_0010_combined,combined,address,"121 EMMA FREEWAY, WILSONSHIRE, IA 76381","121 EMMA FREEWAY, WILSONSHIRE, IA 76381",1,1.0
id_card_0010_combined,combined,issue_date,2026-03-04,2026-03-04,1,1.0
id_card_0010_combined,combined,expiry_date,2030-03-03,2030-03-03,1,1.0
id_card_0010_glare,glare,name,LISA BARNES,LISA BARNES,1,1.0
id_card_0010_glare,glare,dob,2000-08-17,2000-08-17,1,1.0
id_card_0010_glare,glare,id_number,DL-EG05009HK,DL-EG05009HK,1,1.0
id_card_0010_glare,glare,address,"121 EMMA FREEWAY, WILSONSHIRE, IA 76381","121 EMMA FREEWAY, WILSONSHIRE, IA 76381",1,1.0
id_card_0010_glare,glare,issue_date,2026-03-04,2026-03-04,1,1.0
id_card_0010_glare,glare,expiry_date,2030-03-03,2030-03-03,1,1.0
id_card_0010_jpeg,jpeg,name,LISA BARNES,LISA BARNES,1,1.0
id_card_0010_jpeg,jpeg,dob,2000-08-17,2000-08-17,1,1.0
id_card_0010_jpeg,jpeg,id_number,DL-EG05009HK,DL-EG05009HK,1,1.0
id_card_0010_jpeg,jpeg,address,"121 EMMA FREEWAY, WILSONSHIRE, IA 76381","121 EMMA FREEWAY, WILSONSHIRE, IA 76381",1,1.0
id_card_0010_jpeg,jpeg,issue_date,2026-03-04,2026-03-04,1,1.0
id_card_0010_jpeg,jpeg,expiry_date,2030-03-03,2030-03-03,1,1.0
id_card_0010_rotation,rotation,name,LISA BARNES,LISA BARNES,1,1.0
id_card_0010_rotation,rotation,dob,2000-08-17,2000-08-17,1,1.0
id_card_0010_rotation,rotation,id_number,DL-EG05009HK,DL-EG05009HK,1,1.0
id_card_0010_rotation,rotation,address,"121 EMMA FREEWAY, WILSONSHIRE, IA 76381","121 EMMA FREEWAY, WILSONSHIRE, IA 76381",1,1.0
id_card_0010_rotation,rotation,issue_date,2026-03-04,2030-03-03,0,0.7
id_card_0010_rotation,rotation,expiry_date,2030-03-03,2030-03-03,1,1.0
id_card_0011_blur,blur,name,LISA ARCHER,LISA ARCHER,1,1.0
id_card_0011_blur,blur,dob,1990-04-13,1990-04-13,1,1.0
id_card_0011_blur,blur,id_number,DL-PQ85435ZI,DL-PQ85435ZI,1,1.0
id_card_0011_blur,blur,address,"5107 CHARLES FOREST SUITE 251, WEST JUSTIN, NV 71701","5107 CHARLES FORESI SUITE 251, WESI JUSIIN, NV 71701",0,0.9423
id_card_0011_blur,blur,issue_date,2026-05-15,2026-05-15,1,1.0
id_card_0011_blur,blur,expiry_date,2030-05-14,2030-05-14,1,1.0
id_card_0011_combined,combined,name,LISA ARCHER,LISA ARCHER,1,1.0
id_card_0011_combined,combined,dob,1990-04-13,1990-04-13,1,1.0
id_card_0011_combined,combined,id_number,DL-PQ85435ZI,DL-PQ85435ZI,1,1.0
id_card_0011_combined,combined,address,"5107 CHARLES FOREST SUITE 251, WEST JUSTIN, NV 71701","5107 CHARLES FOREST SUITE 251, WEST JUSTIN, NV 71701",1,1.0
id_card_0011_combined,combined,issue_date,2026-05-15,2026-05-15,1,1.0
id_card_0011_combined,combined,expiry_date,2030-05-14,2030-05-14,1,1.0
id_card_0011_glare,glare,name,LISA ARCHER,LISA ARCHER,1,1.0
id_card_0011_glare,glare,dob,1990-04-13,1990-04-13,1,1.0
id_card_0011_glare,glare,id_number,DL-PQ85435ZI,DL-PQ85435ZI,1,1.0
id_card_0011_glare,glare,address,"5107 CHARLES FOREST SUITE 251, WEST JUSTIN, NV 71701","5107 CHARLES FOREST SUITE 251, WEST JUSTIN, NV 71701",1,1.0
id_card_0011_glare,glare,issue_date,2026-05-15,2026-05-15,1,1.0
id_card_0011_glare,glare,expiry_date,2030-05-14,2030-05-14,1,1.0
id_card_0011_jpeg,jpeg,name,LISA ARCHER,LISA ARCHER,1,1.0
id_card_0011_jpeg,jpeg,dob,1990-04-13,1990-04-13,1,1.0
id_card_0011_jpeg,jpeg,id_number,DL-PQ85435ZI,DL-PQ85435ZI,1,1.0
id_card_0011_jpeg,jpeg,address,"5107 CHARLES FOREST SUITE 251, WEST JUSTIN, NV 71701","5107 CHARLES FOREST SUITE 251, WEST JUSTIN, NV 71701",1,1.0
id_card_0011_jpeg,jpeg,issue_date,2026-05-15,2026-05-15,1,1.0
id_card_0011_jpeg,jpeg,expiry_date,2030-05-14,2030-05-14,1,1.0
id_card_0011_rotation,rotation,name,LISA ARCHER,LISA ARCHER,1,1.0
id_card_0011_rotation,rotation,dob,1990-04-13,1990-04-13,1,1.0
id_card_0011_rotation,rotation,id_number,DL-PQ85435ZI,DL-PQ85435ZI,1,1.0
id_card_0011_rotation,rotation,address,"5107 CHARLES FOREST SUITE 251, WEST JUSTIN, NV 71701","5107 CHARLES FOREST SUITE 251, WEST JUSTIN, NV 71701",1,1.0
id_card_0011_rotation,rotation,issue_date,2026-05-15,2030-05-14,0,0.7
id_card_0011_rotation,rotation,expiry_date,2030-05-14,2030-05-14,1,1.0
id_card_0012_blur,blur,name,JEFF HILL,JEFF HILL,1,1.0
id_card_0012_blur,blur,dob,1995-01-24,1995-01-24,1,1.0
id_card_0012_blur,blur,id_number,DL-QH08412GV,DL-QH08412GV,1,1.0
id_card_0012_blur,blur,address,"4935 GRACE WALK, WILLIAMVIEW, MH 07159","4935 GRACE WALK, WILLIAMVIEW, MH 07159",1,1.0
id_card_0012_blur,blur,issue_date,2026-01-22,2026-01-22,1,1.0
id_card_0012_blur,blur,expiry_date,2034-01-20,2034-01-20,1,1.0
id_card_0012_combined,combined,name,JEFF HILL,JEFF HILL,1,1.0
id_card_0012_combined,combined,dob,1995-01-24,1995-01-24,1,1.0
id_card_0012_combined,combined,id_number,DL-QH08412GV,DL-QH08412GV,1,1.0
id_card_0012_combined,combined,address,"4935 GRACE WALK, WILLIAMVIEW, MH 07159","4935 GRACE WALK, WILLIAMVIEW, MH 07159",1,1.0
id_card_0012_combined,combined,issue_date,2026-01-22,2026-01-22,1,1.0
id_card_0012_combined,combined,expiry_date,2034-01-20,2034-01-20,1,1.0
id_card_0012_glare,glare,name,JEFF HILL,JEFF HILL,1,1.0
id_card_0012_glare,glare,dob,1995-01-24,1995-01-24,1,1.0
id_card_0012_glare,glare,id_number,DL-QH08412GV,DL-QH08412GV,1,1.0
id_card_0012_glare,glare,address,"4935 GRACE WALK, WILLIAMVIEW, MH 07159","4935 GRACE WALK, WILLIAMVIEW, MH 07159",1,1.0
id_card_0012_glare,glare,issue_date,2026-01-22,2026-01-22,1,1.0
id_card_0012_glare,glare,expiry_date,2034-01-20,2034-01-20,1,1.0
id_card_0012_jpeg,jpeg,name,JEFF HILL,JEFF HILL,1,1.0
id_card_0012_jpeg,jpeg,dob,1995-01-24,1995-01-24,1,1.0
id_card_0012_jpeg,jpeg,id_number,DL-QH08412GV,DL-QH08412GV,1,1.0
id_card_0012_jpeg,jpeg,address,"4935 GRACE WALK, WILLIAMVIEW, MH 07159","4935 GRACE WALK, WILLIAMVIEW, MH 07159",1,1.0
id_card_0012_jpeg,jpeg,issue_date,2026-01-22,2026-01-22,1,1.0
id_card_0012_jpeg,jpeg,expiry_date,2034-01-20,2034-01-20,1,1.0
id_card_0012_rotation,rotation,name,JEFF HILL,JEFF HILL,1,1.0
id_card_0012_rotation,rotation,dob,1995-01-24,1995-01-24,1,1.0
id_card_0012_rotation,rotation,id_number,DL-QH08412GV,DL-QH08412GV,1,1.0
id_card_0012_rotation,rotation,address,"4935 GRACE WALK, WILLIAMVIEW, MH 07159","4935 GRACE WALK, WILLIAMVIEW, MH 07159",1,1.0
id_card_0012_rotation,rotation,issue_date,2026-01-22,2034-01-20,0,0.7
id_card_0012_rotation,rotation,expiry_date,2034-01-20,2034-01-20,1,1.0
id_card_0013_blur,blur,name,DAVID GARCIA,DAVID GARCIA,1,1.0
id_card_0013_blur,blur,dob,1950-10-21,1950-10-21,1,1.0
id_card_0013_blur,blur,id_number,DL-TB24278JA,DL-TB24278JA,1,1.0
id_card_0013_blur,blur,address,"28059 RUSSELL CANYON, MICHAELTON, MH 47399","28059 RUSSELL CANYON, MICHAELTON, MH 47399",1,1.0
id_card_0013_blur,blur,issue_date,2024-05-25,2024-05-25,1,1.0
id_card_0013_blur,blur,expiry_date,2029-05-24,2029-05-24,1,1.0
id_card_0013_combined,combined,name,DAVID GARCIA,DAVID GARCIA,1,1.0
id_card_0013_combined,combined,dob,1950-10-21,1950-10-21,1,1.0
id_card_0013_combined,combined,id_number,DL-TB24278JA,DL-TB24278JA,1,1.0
id_card_0013_combined,combined,address,"28059 RUSSELL CANYON, MICHAELTON, MH 47399","28059 RUSSELL CANYON, MICHAELTON, MH 47399",1,1.0
id_card_0013_combined,combined,issue_date,2024-05-25,2024-05-25,1,1.0
id_card_0013_combined,combined,expiry_date,2029-05-24,2029-05-24,1,1.0
id_card_0013_glare,glare,name,DAVID GARCIA,DAVID GARCIA,1,1.0
id_card_0013_glare,glare,dob,1950-10-21,1950-10-21,1,1.0
id_card_0013_glare,glare,id_number,DL-TB24278JA,DL-TB24278JA,1,1.0
id_card_0013_glare,glare,address,"28059 RUSSELL CANYON, MICHAELTON, MH 47399","28059 RUSSELL CANYON, MICHAELTON, MH 47399",1,1.0
id_card_0013_glare,glare,issue_date,2024-05-25,2024-05-25,1,1.0
id_card_0013_glare,glare,expiry_date,2029-05-24,2029-05-24,1,1.0
id_card_0013_jpeg,jpeg,name,DAVID GARCIA,DAVID GARCIA,1,1.0
id_card_0013_jpeg,jpeg,dob,1950-10-21,1950-10-21,1,1.0
id_card_0013_jpeg,jpeg,id_number,DL-TB24278JA,DL-T824278JA,0,0.9167
id_card_0013_jpeg,jpeg,address,"28059 RUSSELL CANYON, MICHAELTON, MH 47399","28059 RUSSELL CANYON, MICHAELTON, MH 47399",1,1.0
id_card_0013_jpeg,jpeg,issue_date,2024-05-25,2024-05-25,1,1.0
id_card_0013_jpeg,jpeg,expiry_date,2029-05-24,2029-05-24,1,1.0
id_card_0013_rotation,rotation,name,DAVID GARCIA,DAVID GARCIA,1,1.0
id_card_0013_rotation,rotation,dob,1950-10-21,1950-10-21,1,1.0
id_card_0013_rotation,rotation,id_number,DL-TB24278JA,DL-TB24278JA,1,1.0
id_card_0013_rotation,rotation,address,"28059 RUSSELL CANYON, MICHAELTON, MH 47399","28059 RUSSELL CANYON, MICHAELTON, MH 47399",1,1.0
id_card_0013_rotation,rotation,issue_date,2024-05-25,2029-05-24,0,0.8
id_card_0013_rotation,rotation,expiry_date,2029-05-24,2029-05-24,1,1.0
id_card_0014_blur,blur,name,SHELBY WALKER,SHELBY WALKER,1,1.0
id_card_0014_blur,blur,dob,2003-08-25,2003-08-25,1,1.0
id_card_0014_blur,blur,id_number,DL-ZZ69232LA,DL-ZZ69232LA,1,1.0
id_card_0014_blur,blur,address,"56342 PATRICK CAMP, WALKERMOUTH, MI 40502","56342 PATRICK CAMP, WALKERMOUTH, MI 40502",1,1.0
id_card_0014_blur,blur,issue_date,2026-04-28,2026-04-28,1,1.0
id_card_0014_blur,blur,expiry_date,2033-04-26,2033-04-26,1,1.0
id_card_0014_combined,combined,name,SHELBY WALKER,SHELBY WALKER,1,1.0
id_card_0014_combined,combined,dob,2003-08-25,2003-08-25,1,1.0
id_card_0014_combined,combined,id_number,DL-ZZ69232LA,DL-ZZ69232LA,1,1.0
id_card_0014_combined,combined,address,"56342 PATRICK CAMP, WALKERMOUTH, MI 40502","56342 PATRICK CAMP, WALKERMOUTH, MI 40502",1,1.0
id_card_0014_combined,combined,issue_date,2026-04-28,2026-04-28,1,1.0
id_card_0014_combined,combined,expiry_date,2033-04-26,2033-04-26,1,1.0
id_card_0014_glare,glare,name,SHELBY WALKER,SHELBY WALKER,1,1.0
id_card_0014_glare,glare,dob,2003-08-25,2003-08-25,1,1.0
id_card_0014_glare,glare,id_number,DL-ZZ69232LA,DL-ZZ69232LA,1,1.0
id_card_0014_glare,glare,address,"56342 PATRICK CAMP, WALKERMOUTH, MI 40502","56342 PATRICK CAMP, WALKERMOUTH, MI 40502",1,1.0
id_card_0014_glare,glare,issue_date,2026-04-28,2026-04-28,1,1.0
id_card_0014_glare,glare,expiry_date,2033-04-26,2033-04-26,1,1.0
id_card_0014_jpeg,jpeg,name,SHELBY WALKER,SHELBY WALKER,1,1.0
id_card_0014_jpeg,jpeg,dob,2003-08-25,2003-08-25,1,1.0
id_card_0014_jpeg,jpeg,id_number,DL-ZZ69232LA,DL-ZZ69232LA,1,1.0
id_card_0014_jpeg,jpeg,address,"56342 PATRICK CAMP, WALKERMOUTH, MI 40502","56342 PATRICK CAMP, WALKERMOUTH, MI 40502",1,1.0
id_card_0014_jpeg,jpeg,issue_date,2026-04-28,2026-04-28,1,1.0
id_card_0014_jpeg,jpeg,expiry_date,2033-04-26,2033-04-26,1,1.0
id_card_0014_rotation,rotation,name,SHELBY WALKER,SHELBY WALKER,1,1.0
id_card_0014_rotation,rotation,dob,2003-08-25,2003-08-25,1,1.0
id_card_0014_rotation,rotation,id_number,DL-ZZ69232LA,DL-ZZ69232LA,1,1.0
id_card_0014_rotation,rotation,address,"56342 PATRICK CAMP, WALKERMOUTH, MI 40502","56342 PATRICK CAMP, WALKERMOUTH, MI 40502",1,1.0
id_card_0014_rotation,rotation,issue_date,2026-04-28,2033-04-26,0,0.7
id_card_0014_rotation,rotation,expiry_date,2033-04-26,2033-04-26,1,1.0
id_card_0015_blur,blur,name,APRIL FROST,APRIL FROST,1,1.0
id_card_0015_blur,blur,dob,1995-06-24,1995-06-24,1,1.0
id_card_0015_blur,blur,id_number,DL-WP65414GZ,DL-WP65414GZ,1,1.0
id_card_0015_blur,blur,address,"14294 DANIEL MEWS SUITE 569, SOUTH RACHELBOROUGH, KS 06318","14294 DANIEL MEWS SUITE 569, SOUTH RACHELBOROUGH, KS 06318",1,1.0
id_card_0015_blur,blur,issue_date,2023-03-16,2023-03-16,1,1.0
id_card_0015_blur,blur,expiry_date,2029-03-14,2029-03-14,1,1.0
id_card_0015_combined,combined,name,APRIL FROST,APRIL FROST,1,1.0
id_card_0015_combined,combined,dob,1995-06-24,1995-06-24,1,1.0
id_card_0015_combined,combined,id_number,DL-WP65414GZ,DL-WP65414GZ,1,1.0
id_card_0015_combined,combined,address,"14294 DANIEL MEWS SUITE 569, SOUTH RACHELBOROUGH, KS 06318","14294 DANIEL MEWS SUITE 569, SOUTH RACHELBOROUGH, KS 06318",1,1.0
id_card_0015_combined,combined,issue_date,2023-03-16,2023-03-16,1,1.0
id_card_0015_combined,combined,expiry_date,2029-03-14,2029-03-14,1,1.0
id_card_0015_glare,glare,name,APRIL FROST,APRIL FROST,1,1.0
id_card_0015_glare,glare,dob,1995-06-24,1995-06-24,1,1.0
id_card_0015_glare,glare,id_number,DL-WP65414GZ,DL-WP65414GZ,1,1.0
id_card_0015_glare,glare,address,"14294 DANIEL MEWS SUITE 569, SOUTH RACHELBOROUGH, KS 06318","14294 DANIEL MEWS SUITE 569, SOUTH RACHELBOROUGH, KS 06318",1,1.0
id_card_0015_glare,glare,issue_date,2023-03-16,2023-03-16,1,1.0
id_card_0015_glare,glare,expiry_date,2029-03-14,2029-03-14,1,1.0
id_card_0015_jpeg,jpeg,name,APRIL FROST,APRIL FROST,1,1.0
id_card_0015_jpeg,jpeg,dob,1995-06-24,1995-06-24,1,1.0
id_card_0015_jpeg,jpeg,id_number,DL-WP65414GZ,DL-WP65414GZ,1,1.0
id_card_0015_jpeg,jpeg,address,"14294 DANIEL MEWS SUITE 569, SOUTH RACHELBOROUGH, KS 06318","14294 DANIEL MEWS SUITE 569, SOUTH RACHELBOROUGH, KS 06318",1,1.0
id_card_0015_jpeg,jpeg,issue_date,2023-03-16,2023-03-16,1,1.0
id_card_0015_jpeg,jpeg,expiry_date,2029-03-14,2029-03-14,1,1.0
id_card_0015_rotation,rotation,name,APRIL FROST,APRIL FROST,1,1.0
id_card_0015_rotation,rotation,dob,1995-06-24,1995-06-24,1,1.0
id_card_0015_rotation,rotation,id_number,DL-WP65414GZ,DL-WP65414GZ,1,1.0
id_card_0015_rotation,rotation,address,"14294 DANIEL MEWS SUITE 569, SOUTH RACHELBOROUGH, KS 06318","14294 DANIEL MEWS SUITE 569, SOUTH RACHELBOROUGH, KS 06318",1,1.0
id_card_0015_rotation,rotation,issue_date,2023-03-16,2029-03-14,0,0.8
id_card_0015_rotation,rotation,expiry_date,2029-03-14,2029-03-14,1,1.0
id_card_0016_blur,blur,name,ELIZABETH CLARK,ELIZABETH CLARK,1,1.0
id_card_0016_blur,blur,dob,1987-03-16,1987-03-16,1,1.0
id_card_0016_blur,blur,id_number,DL-UQ56159HU,DL-UQ56159HU,1,1.0
id_card_0016_blur,blur,address,"465 TERRY PLAZA APT. 366, NEW ASHLEY, MO 72320","465 TERRY PLAZA APT. 366, NEW ASHLEY, MO 72320",1,1.0
id_card_0016_blur,blur,issue_date,2023-03-28,2023-03-28,1,1.0
id_card_0016_blur,blur,expiry_date,2031-03-26,2031-03-26,1,1.0
id_card_0016_combined,combined,name,ELIZABETH CLARK,ELIZABETH CLARK,1,1.0
id_card_0016_combined,combined,dob,1987-03-16,1987-03-16,1,1.0
id_card_0016_combined,combined,id_number,DL-UQ56159HU,DL-UQ56159HU,1,1.0
id_card_0016_combined,combined,address,"465 TERRY PLAZA APT. 366, NEW ASHLEY, MO 72320","465 TERRY PLAZA APT. 366, NEW ASHLEY, MO 72320",1,1.0
id_card_0016_combined,combined,issue_date,2023-03-28,2023-03-28,1,1.0
id_card_0016_combined,combined,expiry_date,2031-03-26,2031-03-26,1,1.0
id_card_0016_glare,glare,name,ELIZABETH CLARK,ELIZABETH CLARK,1,1.0
id_card_0016_glare,glare,dob,1987-03-16,1987-03-16,1,1.0
id_card_0016_glare,glare,id_number,DL-UQ56159HU,DL-UQ56159HU,1,1.0
id_card_0016_glare,glare,address,"465 TERRY PLAZA APT. 366, NEW ASHLEY, MO 72320","465 TERRY PLAZA APT. 366, NEW ASHLEY, MO 72320",1,1.0
id_card_0016_glare,glare,issue_date,2023-03-28,2023-03-28,1,1.0
id_card_0016_glare,glare,expiry_date,2031-03-26,2031-03-26,1,1.0
id_card_0016_jpeg,jpeg,name,ELIZABETH CLARK,ELIZABETH CLARK,1,1.0
id_card_0016_jpeg,jpeg,dob,1987-03-16,1987-03-16,1,1.0
id_card_0016_jpeg,jpeg,id_number,DL-UQ56159HU,DL-UQ56159HU,1,1.0
id_card_0016_jpeg,jpeg,address,"465 TERRY PLAZA APT. 366, NEW ASHLEY, MO 72320","465 TERRY PLAZA APT. 366, NEW ASHLEY, MO 72320",1,1.0
id_card_0016_jpeg,jpeg,issue_date,2023-03-28,2023-03-28,1,1.0
id_card_0016_jpeg,jpeg,expiry_date,2031-03-26,2031-03-26,1,1.0
id_card_0016_rotation,rotation,name,ELIZABETH CLARK,ELIZABETH CLARK,1,1.0
id_card_0016_rotation,rotation,dob,1987-03-16,1987-03-16,1,1.0
id_card_0016_rotation,rotation,id_number,DL-UQ56159HU,DL-UQ56159HU,1,1.0
id_card_0016_rotation,rotation,address,"465 TERRY PLAZA APT. 366, NEW ASHLEY, MO 72320","465 TERRY PLAZA APT. 366, NEW ASHLEY, MO 72320",1,1.0
id_card_0016_rotation,rotation,issue_date,2023-03-28,2031-03-26,0,0.7
id_card_0016_rotation,rotation,expiry_date,2031-03-26,2031-03-26,1,1.0
id_card_0017_blur,blur,name,ANGEL RIGGS,ANGEL RIGGS,1,1.0
id_card_0017_blur,blur,dob,2004-01-13,2004-01-13,1,1.0
id_card_0017_blur,blur,id_number,DL-RN95777GE,DL-RN95777GE,1,1.0
id_card_0017_blur,blur,address,"148 DAVIS TERRACE, LAKE LANCE, AS 26601","148 DAVIS TERRACE, LAKE LANCE, AS 26601",1,1.0
id_card_0017_blur,blur,issue_date,2026-06-29,2026-06-29,1,1.0
id_card_0017_blur,blur,expiry_date,2033-06-27,2033-06-27,1,1.0
id_card_0017_combined,combined,name,ANGEL RIGGS,ANGEL RIGGS,1,1.0
id_card_0017_combined,combined,dob,2004-01-13,2004-01-13,1,1.0
id_card_0017_combined,combined,id_number,DL-RN95777GE,DL-RN95777GE,1,1.0
id_card_0017_combined,combined,address,"148 DAVIS TERRACE, LAKE LANCE, AS 26601","148 DAVIS TERRACE, LAKE LANCE, AS 26601",1,1.0
id_card_0017_combined,combined,issue_date,2026-06-29,2026-06-29,1,1.0
id_card_0017_combined,combined,expiry_date,2033-06-27,2033-06-27,1,1.0
id_card_0017_glare,glare,name,ANGEL RIGGS,ANGEL RIGGS,1,1.0
id_card_0017_glare,glare,dob,2004-01-13,2004-01-13,1,1.0
id_card_0017_glare,glare,id_number,DL-RN95777GE,DL-RN95777GE,1,1.0
id_card_0017_glare,glare,address,"148 DAVIS TERRACE, LAKE LANCE, AS 26601","148 DAVIS TERRACE, LAKE LANCE, AS 26601",1,1.0
id_card_0017_glare,glare,issue_date,2026-06-29,2026-06-29,1,1.0
id_card_0017_glare,glare,expiry_date,2033-06-27,2033-06-27,1,1.0
id_card_0017_jpeg,jpeg,name,ANGEL RIGGS,ANGEL RIGGS,1,1.0
id_card_0017_jpeg,jpeg,dob,2004-01-13,2004-01-13,1,1.0
id_card_0017_jpeg,jpeg,id_number,DL-RN95777GE,DL-RN95777GE,1,1.0
id_card_0017_jpeg,jpeg,address,"148 DAVIS TERRACE, LAKE LANCE, AS 26601","148 DAVIS TERRACE, LAKE LANCE, AS 26601",1,1.0
id_card_0017_jpeg,jpeg,issue_date,2026-06-29,2026-06-29,1,1.0
id_card_0017_jpeg,jpeg,expiry_date,2033-06-27,2033-06-27,1,1.0
id_card_0017_rotation,rotation,name,ANGEL RIGGS,ANGEL RIGGS,1,1.0
id_card_0017_rotation,rotation,dob,2004-01-13,2004-01-13,1,1.0
id_card_0017_rotation,rotation,id_number,DL-RN95777GE,DL-RN95777GE,1,1.0
id_card_0017_rotation,rotation,address,"148 DAVIS TERRACE, LAKE LANCE, AS 26601","148 DAVIS TERRACE, LAKE LANCE, AS 26601",1,1.0
id_card_0017_rotation,rotation,issue_date,2026-06-29,2033-06-27,0,0.7
id_card_0017_rotation,rotation,expiry_date,2033-06-27,2033-06-27,1,1.0
id_card_0018_blur,blur,name,LINDA DODSON DVM,LINDA DODSON DVM,1,1.0
id_card_0018_blur,blur,dob,1992-02-28,1992-02-28,1,1.0
id_card_0018_blur,blur,id_number,DL-FZ76936PJ,DL-FZ76936PJ,1,1.0
id_card_0018_blur,blur,address,"63287 ANGELA VISTA, SOUTH DENNISMOUTH, TN 70117","63287 ANGELA VISIA, SOUTH DENNISMOUTH, TN 70117",0,0.9787
id_card_0018_blur,blur,issue_date,2022-03-07,2022-03-07,1,1.0
id_card_0018_blur,blur,expiry_date,2028-03-05,2028-03-05,1,1.0
id_card_0018_combined,combined,name,LINDA DODSON DVM,LINDA DODSON DVM,1,1.0
id_card_0018_combined,combined,dob,1992-02-28,1992-02-28,1,1.0
id_card_0018_combined,combined,id_number,DL-FZ76936PJ,DL-FZ76936PJ,1,1.0
id_card_0018_combined,combined,address,"63287 ANGELA VISTA, SOUTH DENNISMOUTH, TN 70117","63287 ANGELA VISTA, SOUTH DENNISMOUTH, TN 70117",1,1.0
id_card_0018_combined,combined,issue_date,2022-03-07,2022-03-07,1,1.0
id_card_0018_combined,combined,expiry_date,2028-03-05,2028-03-05,1,1.0
id_card_0018_glare,glare,name,LINDA DODSON DVM,LINDA DODSON DVM,1,1.0
id_card_0018_glare,glare,dob,1992-02-28,1992-02-28,1,1.0
id_card_0018_glare,glare,id_number,DL-FZ76936PJ,DL-FZ76936PJ,1,1.0
id_card_0018_glare,glare,address,"63287 ANGELA VISTA, SOUTH DENNISMOUTH, TN 70117","63287 ANGELA VISTA, SOUTH DENNISMOUTH, TN 70117",1,1.0
id_card_0018_glare,glare,issue_date,2022-03-07,2022-03-07,1,1.0
id_card_0018_glare,glare,expiry_date,2028-03-05,2028-03-05,1,1.0
id_card_0018_jpeg,jpeg,name,LINDA DODSON DVM,LINDA DODSON DVM,1,1.0
id_card_0018_jpeg,jpeg,dob,1992-02-28,1992-02-28,1,1.0
id_card_0018_jpeg,jpeg,id_number,DL-FZ76936PJ,DL-FZ76936PJ,1,1.0
id_card_0018_jpeg,jpeg,address,"63287 ANGELA VISTA, SOUTH DENNISMOUTH, TN 70117","63287 ANGELA VISTA, SOUTH DENNISMOUTH, TN 70117",1,1.0
id_card_0018_jpeg,jpeg,issue_date,2022-03-07,2022-03-07,1,1.0
id_card_0018_jpeg,jpeg,expiry_date,2028-03-05,2028-03-05,1,1.0
id_card_0018_rotation,rotation,name,LINDA DODSON DVM,LINDA DODSON DVM,1,1.0
id_card_0018_rotation,rotation,dob,1992-02-28,1992-02-28,1,1.0
id_card_0018_rotation,rotation,id_number,DL-FZ76936PJ,DL-FZ76936PJ,1,1.0
id_card_0018_rotation,rotation,address,"63287 ANGELA VISTA, SOUTH DENNISMOUTH, TN 70117","63287 ANGELA VISTA, SOUTH DENNISMOUTH, TN 70117",1,1.0
id_card_0018_rotation,rotation,issue_date,2022-03-07,2028-03-05,0,0.8
id_card_0018_rotation,rotation,expiry_date,2028-03-05,2028-03-05,1,1.0
id_card_0019_blur,blur,name,AMY RUSSELL,AMY RUSSELL,1,1.0
id_card_0019_blur,blur,dob,1992-04-02,1992-04-02,1,1.0
id_card_0019_blur,blur,id_number,DL-CQ68727WP,DL-CQ68727WP,1,1.0
id_card_0019_blur,blur,address,"734 JONES HEIGHTS APT. 455, EAST EDWARDFURT, UT 20529","734 JONES HEIGHTS APT. 455, EASI EDWARDFURT, UT 20529",0,0.9811
id_card_0019_blur,blur,issue_date,2025-11-08,2025-11-08,1,1.0
id_card_0019_blur,blur,expiry_date,2032-11-06,2032-11-06,1,1.0
id_card_0019_combined,combined,name,AMY RUSSELL,AMY RUSSELL,1,1.0
id_card_0019_combined,combined,dob,1992-04-02,1992-04-02,1,1.0
id_card_0019_combined,combined,id_number,DL-CQ68727WP,DL-CQ68727WP,1,1.0
id_card_0019_combined,combined,address,"734 JONES HEIGHTS APT. 455, EAST EDWARDFURT, UT 20529","734 JONES HEIGHTS APT. 455, EAST EDWARDFURT, UT 20529",1,1.0
id_card_0019_combined,combined,issue_date,2025-11-08,2025-11-08,1,1.0
id_card_0019_combined,combined,expiry_date,2032-11-06,2032-11-06,1,1.0
id_card_0019_glare,glare,name,AMY RUSSELL,AMY RUSSELL,1,1.0
id_card_0019_glare,glare,dob,1992-04-02,1992-04-02,1,1.0
id_card_0019_glare,glare,id_number,DL-CQ68727WP,DL-CQ68727WP,1,1.0
id_card_0019_glare,glare,address,"734 JONES HEIGHTS APT. 455, EAST EDWARDFURT, UT 20529","734 JONES HEIGHTS APT. 455, EAST EDWARDFURT, UT 20529",1,1.0
id_card_0019_glare,glare,issue_date,2025-11-08,2025-11-08,1,1.0
id_card_0019_glare,glare,expiry_date,2032-11-06,2032-11-06,1,1.0
id_card_0019_jpeg,jpeg,name,AMY RUSSELL,AMY RUSSELL,1,1.0
id_card_0019_jpeg,jpeg,dob,1992-04-02,1992-04-02,1,1.0
id_card_0019_jpeg,jpeg,id_number,DL-CQ68727WP,DL-CQ68727WP,1,1.0
id_card_0019_jpeg,jpeg,address,"734 JONES HEIGHTS APT. 455, EAST EDWARDFURT, UT 20529","734 JONES HEIGHTS APT. 455, EAST EDWARDFURT, UT 20529",1,1.0
id_card_0019_jpeg,jpeg,issue_date,2025-11-08,2025-11-08,1,1.0
id_card_0019_jpeg,jpeg,expiry_date,2032-11-06,2032-11-06,1,1.0
id_card_0019_rotation,rotation,name,AMY RUSSELL,AMY RUSSELL,1,1.0
id_card_0019_rotation,rotation,dob,1992-04-02,1992-04-02,1,1.0
id_card_0019_rotation,rotation,id_number,DL-CQ68727WP,DL-CQ68727WP,1,1.0
id_card_0019_rotation,rotation,address,"734 JONES HEIGHTS APT. 455, EAST EDWARDFURT, UT 20529","734 JONES HEIGHTS APT. 455, EAST EDWARDFURT, UT 20529",1,1.0
id_card_0019_rotation,rotation,issue_date,2025-11-08,2032-11-06,0,0.7
id_card_0019_rotation,rotation,expiry_date,2032-11-06,2032-11-06,1,1.0
id_card_0020_blur,blur,name,JENNIFER MARTIN,JENNIFER MARTIN,1,1.0
id_card_0020_blur,blur,dob,1987-06-27,1987-06-27,1,1.0
id_card_0020_blur,blur,id_number,DL-XL60366SB,DL-XL60366SB,1,1.0
id_card_0020_blur,blur,address,"0546 MEDINA STREET APT. 734, TUCKERFURT, MA 88171","0546 MEDINA SIREET APT. 734, TUCKERFURT, MA 88171",0,0.9796
id_card_0020_blur,blur,issue_date,2025-07-10,2025-07-10,1,1.0
id_card_0020_blur,blur,expiry_date,2030-07-09,2030-07-09,1,1.0
id_card_0020_combined,combined,name,JENNIFER MARTIN,JENNIFER MARTIN,1,1.0
id_card_0020_combined,combined,dob,1987-06-27,1987-06-27,1,1.0
id_card_0020_combined,combined,id_number,DL-XL60366SB,DL-XL60366SB,1,1.0
id_card_0020_combined,combined,address,"0546 MEDINA STREET APT. 734, TUCKERFURT, MA 88171","0546 MEDINA STREET APT. 734, TUCKERFURT, MA 88171",1,1.0
id_card_0020_combined,combined,issue_date,2025-07-10,2025-07-10,1,1.0
id_card_0020_combined,combined,expiry_date,2030-07-09,2030-07-09,1,1.0
id_card_0020_glare,glare,name,JENNIFER MARTIN,JENNIFER MARTIN,1,1.0
id_card_0020_glare,glare,dob,1987-06-27,1987-06-27,1,1.0
id_card_0020_glare,glare,id_number,DL-XL60366SB,DL-XL60366SB,1,1.0
id_card_0020_glare,glare,address,"0546 MEDINA STREET APT. 734, TUCKERFURT, MA 88171","0546 MEDINA STREET APT. 734, TUCKERFURT, MA 88171",1,1.0
id_card_0020_glare,glare,issue_date,2025-07-10,2025-07-10,1,1.0
id_card_0020_glare,glare,expiry_date,2030-07-09,2030-07-09,1,1.0
id_card_0020_jpeg,jpeg,name,JENNIFER MARTIN,JENNIFER MARTIN,1,1.0
id_card_0020_jpeg,jpeg,dob,1987-06-27,1987-06-27,1,1.0
id_card_0020_jpeg,jpeg,id_number,DL-XL60366SB,DL-XL60366S8,0,0.9167
id_card_0020_jpeg,jpeg,address,"0546 MEDINA STREET APT. 734, TUCKERFURT, MA 88171","0546 MEDINA STREET APT. 734, TUCKERFURT, MA 88171",1,1.0
id_card_0020_jpeg,jpeg,issue_date,2025-07-10,2025-07-10,1,1.0
id_card_0020_jpeg,jpeg,expiry_date,2030-07-09,2030-07-09,1,1.0
id_card_0020_rotation,rotation,name,JENNIFER MARTIN,JENNIFER MARTIN,1,1.0
id_card_0020_rotation,rotation,dob,1987-06-27,1987-06-27,1,1.0
id_card_0020_rotation,rotation,id_number,DL-XL60366SB,DL-XL60366SB,1,1.0
id_card_0020_rotation,rotation,address,"0546 MEDINA STREET APT. 734, TUCKERFURT, MA 88171","0546 MEDINA STREET APT. 734, TUCKERFURT, MA 88171",1,1.0
id_card_0020_rotation,rotation,issue_date,2025-07-10,2030-07-09,0,0.6
id_card_0020_rotation,rotation,expiry_date,2030-07-09,2030-07-09,1,1.0
id_card_0021_blur,blur,name,ZOE BELL,ZOE BELL,1,1.0
id_card_0021_blur,blur,dob,1982-05-15,1982-05-15,1,1.0
id_card_0021_blur,blur,id_number,DL-KQ98069BF,DL-KQ98069BF,1,1.0
id_card_0021_blur,blur,address,"72046 LEWIS ISLANDS SUITE 646, MARYFORT, AK 98677","72046 LEWIS ISLANDS SUITE 646, MARYFORT, AK 98677",1,1.0
id_card_0021_blur,blur,issue_date,2022-08-24,2022-08-24,1,1.0
id_card_0021_blur,blur,expiry_date,2028-08-22,2028-08-22,1,1.0
id_card_0021_combined,combined,name,ZOE BELL,ZOE BELL,1,1.0
id_card_0021_combined,combined,dob,1982-05-15,1982-05-15,1,1.0
id_card_0021_combined,combined,id_number,DL-KQ98069BF,DL-KQ98069BF,1,1.0
id_card_0021_combined,combined,address,"72046 LEWIS ISLANDS SUITE 646, MARYFORT, AK 98677","72046 LEWIS ISLANDS SUITE 646, MARYFORT, AK 98677",1,1.0
id_card_0021_combined,combined,issue_date,2022-08-24,2022-08-24,1,1.0
id_card_0021_combined,combined,expiry_date,2028-08-22,2028-08-22,1,1.0
id_card_0021_glare,glare,name,ZOE BELL,ZOE BELL,1,1.0
id_card_0021_glare,glare,dob,1982-05-15,1982-05-15,1,1.0
id_card_0021_glare,glare,id_number,DL-KQ98069BF,DL-KQ98069BF,1,1.0
id_card_0021_glare,glare,address,"72046 LEWIS ISLANDS SUITE 646, MARYFORT, AK 98677","72046 LEWIS ISLANDS SUITE 646, MARYFORT, AK 98677",1,1.0
id_card_0021_glare,glare,issue_date,2022-08-24,2022-08-24,1,1.0
id_card_0021_glare,glare,expiry_date,2028-08-22,2028-08-22,1,1.0
id_card_0021_jpeg,jpeg,name,ZOE BELL,ZOE BELL,1,1.0
id_card_0021_jpeg,jpeg,dob,1982-05-15,1982-05-15,1,1.0
id_card_0021_jpeg,jpeg,id_number,DL-KQ98069BF,DL-KQ980698F,0,0.9167
id_card_0021_jpeg,jpeg,address,"72046 LEWIS ISLANDS SUITE 646, MARYFORT, AK 98677","72046 LEWIS ISLANDS SUITE 646, MARYFORT, AK 98677",1,1.0
id_card_0021_jpeg,jpeg,issue_date,2022-08-24,2022-08-24,1,1.0
id_card_0021_jpeg,jpeg,expiry_date,2028-08-22,2028-08-22,1,1.0
id_card_0021_rotation,rotation,name,ZOE BELL,ZOE BELL,1,1.0
id_card_0021_rotation,rotation,dob,1982-05-15,1982-05-15,1,1.0
id_card_0021_rotation,rotation,id_number,DL-KQ98069BF,DL-KQ98069BF,1,1.0
id_card_0021_rotation,rotation,address,"72046 LEWIS ISLANDS SUITE 646, MARYFORT, AK 98677","72046 LEWIS ISLANDS SUITE 646, MARYFORT, AK 98677",1,1.0
id_card_0021_rotation,rotation,issue_date,2022-08-24,2028-08-22,0,0.8
id_card_0021_rotation,rotation,expiry_date,2028-08-22,2028-08-22,1,1.0
id_card_0022_blur,blur,name,ERIC BYRD,ERIC BYRD,1,1.0
id_card_0022_blur,blur,dob,1994-10-21,1994-10-21,1,1.0
id_card_0022_blur,blur,id_number,DL-NJ00330PI,DL-NJ00330PI,1,1.0
id_card_0022_blur,blur,address,"193 LYONS TRAFFICWAY SUITE 299, PORT LORIPORT, CT 76350","193 LYONS TRAFFICWAY SUITE 299, PORT LORIPORT, CT 76350",1,1.0
id_card_0022_blur,blur,issue_date,2022-02-22,2022-02-22,1,1.0
id_card_0022_blur,blur,expiry_date,2030-02-20,2030-02-20,1,1.0
id_card_0022_combined,combined,name,ERIC BYRD,ERIC BYRD,1,1.0
id_card_0022_combined,combined,dob,1994-10-21,1994-10-21,1,1.0
id_card_0022_combined,combined,id_number,DL-NJ00330PI,DL-NJ00330PI,1,1.0
id_card_0022_combined,combined,address,"193 LYONS TRAFFICWAY SUITE 299, PORT LORIPORT, CT 76350","193 LYONS TRAFFICWAY SUITE 299, PORT LORIPORT, CT 76350",1,1.0
id_card_0022_combined,combined,issue_date,2022-02-22,2022-02-22,1,1.0
id_card_0022_combined,combined,expiry_date,2030-02-20,2030-02-20,1,1.0
id_card_0022_glare,glare,name,ERIC BYRD,ERIC BYRD,1,1.0
id_card_0022_glare,glare,dob,1994-10-21,1994-10-21,1,1.0
id_card_0022_glare,glare,id_number,DL-NJ00330PI,DL-NJ00330PI,1,1.0
id_card_0022_glare,glare,address,"193 LYONS TRAFFICWAY SUITE 299, PORT LORIPORT, CT 76350","193 LYONS TRAFFICWAY SUITE 299, PORT LORIPORT, CT 76350",1,1.0
id_card_0022_glare,glare,issue_date,2022-02-22,2022-02-22,1,1.0
id_card_0022_glare,glare,expiry_date,2030-02-20,2030-02-20,1,1.0
id_card_0022_jpeg,jpeg,name,ERIC BYRD,ERIC BYRD,1,1.0
id_card_0022_jpeg,jpeg,dob,1994-10-21,1994-10-21,1,1.0
id_card_0022_jpeg,jpeg,id_number,DL-NJ00330PI,DL-NJ00330PI,1,1.0
id_card_0022_jpeg,jpeg,address,"193 LYONS TRAFFICWAY SUITE 299, PORT LORIPORT, CT 76350","193 LYONS TRAFFICWAY SUITE 299, PORT LORIPORT, CT 76350",1,1.0
id_card_0022_jpeg,jpeg,issue_date,2022-02-22,2022-02-22,1,1.0
id_card_0022_jpeg,jpeg,expiry_date,2030-02-20,2030-02-20,1,1.0
id_card_0022_rotation,rotation,name,ERIC BYRD,ERIC BYRD,1,1.0
id_card_0022_rotation,rotation,dob,1994-10-21,1994-10-21,1,1.0
id_card_0022_rotation,rotation,id_number,DL-NJ00330PI,DL-NJ00330PI,1,1.0
id_card_0022_rotation,rotation,address,"193 LYONS TRAFFICWAY SUITE 299, PORT LORIPORT, CT 76350","193 LYONS TRAFFICWAY SUITE 299, PORT LORIPORT, CT 76350",1,1.0
id_card_0022_rotation,rotation,issue_date,2022-02-22,2030-02-20,0,0.7
id_card_0022_rotation,rotation,expiry_date,2030-02-20,2030-02-20,1,1.0
id_card_0023_blur,blur,name,TYLER REID,TYLER REID,1,1.0
id_card_0023_blur,blur,dob,1976-02-07,1976-02-07,1,1.0
id_card_0023_blur,blur,id_number,DL-SX31931TR,DL-SX31931TR,1,1.0
id_card_0023_blur,blur,address,"058 STANLEY CLIFF, ALEXANDERCHESTER, GU 64752","058 SIANLEY CLIFF, ALEXANDERCHESIER, GU 64752",0,0.9556
id_card_0023_blur,blur,issue_date,2024-12-07,2024-12-07,1,1.0
id_card_0023_blur,blur,expiry_date,2029-12-06,2029-12-06,1,1.0
id_card_0023_combined,combined,name,TYLER REID,TYLER REID,1,1.0
id_card_0023_combined,combined,dob,1976-02-07,1976-02-07,1,1.0
id_card_0023_combined,combined,id_number,DL-SX31931TR,DL-SX31931TR,1,1.0
id_card_0023_combined,combined,address,"058 STANLEY CLIFF, ALEXANDERCHESTER, GU 64752","058 STANLEY CLIFF, ALEXANDERCHESTER, GU 64752",1,1.0
id_card_0023_combined,combined,issue_date,2024-12-07,2024-12-07,1,1.0
id_card_0023_combined,combined,expiry_date,2029-12-06,2029-12-06,1,1.0
id_card_0023_glare,glare,name,TYLER REID,TYLER REID,1,1.0
id_card_0023_glare,glare,dob,1976-02-07,1976-02-07,1,1.0
id_card_0023_glare,glare,id_number,DL-SX31931TR,DL-SX31931TR,1,1.0
id_card_0023_glare,glare,address,"058 STANLEY CLIFF, ALEXANDERCHESTER, GU 64752","058 STANLEY CLIFF, ALEXANDERCHESTER, GU 64752",1,1.0
id_card_0023_glare,glare,issue_date,2024-12-07,2024-12-07,1,1.0
id_card_0023_glare,glare,expiry_date,2029-12-06,2029-12-06,1,1.0
id_card_0023_jpeg,jpeg,name,TYLER REID,TYLER REID,1,1.0
id_card_0023_jpeg,jpeg,dob,1976-02-07,1976-02-07,1,1.0
id_card_0023_jpeg,jpeg,id_number,DL-SX31931TR,DL-SX31931TR,1,1.0
id_card_0023_jpeg,jpeg,address,"058 STANLEY CLIFF, ALEXANDERCHESTER, GU 64752","058 STANLEY CLIFF, ALEXANDERCHESTER, GU 64752",1,1.0
id_card_0023_jpeg,jpeg,issue_date,2024-12-07,2024-12-07,1,1.0
id_card_0023_jpeg,jpeg,expiry_date,2029-12-06,2029-12-06,1,1.0
id_card_0023_rotation,rotation,name,TYLER REID,TYLER REID,1,1.0
id_card_0023_rotation,rotation,dob,1976-02-07,1976-02-07,1,1.0
id_card_0023_rotation,rotation,id_number,DL-SX31931TR,DL-SX31931TR,1,1.0
id_card_0023_rotation,rotation,address,"058 STANLEY CLIFF, ALEXANDERCHESTER, GU 64752","058 STANLEY CLIFF, ALEXANDERCHESTER, GU 64752",1,1.0
id_card_0023_rotation,rotation,issue_date,2024-12-07,2029-12-06,0,0.8
id_card_0023_rotation,rotation,expiry_date,2029-12-06,2029-12-06,1,1.0
id_card_0024_blur,blur,name,DANIEL SALINAS,DANIEL SALINAS,1,1.0
id_card_0024_blur,blur,dob,2006-12-15,2006-12-15,1,1.0
id_card_0024_blur,blur,id_number,DL-NZ26284IX,DL-NZ26284IX,1,1.0
id_card_0024_blur,blur,address,"6945 MARIAH CORNERS SUITE 737, ROGERSFORT, PR 43101","6945 MARIAH CORNERS SUITE 737, ROGERSFORT, PR 43101",1,1.0
id_card_0024_blur,blur,issue_date,2025-06-21,2025-06-21,1,1.0
id_card_0024_blur,blur,expiry_date,2029-06-20,2029-06-20,1,1.0
id_card_0024_combined,combined,name,DANIEL SALINAS,DANIEL SALINAS,1,1.0
id_card_0024_combined,combined,dob,2006-12-15,2006-12-15,1,1.0
id_card_0024_combined,combined,id_number,DL-NZ26284IX,DL-NZ26284IX,1,1.0
id_card_0024_combined,combined,address,"6945 MARIAH CORNERS SUITE 737, ROGERSFORT, PR 43101","6945 MARIAH CORNERS SUITE 737, ROGERSFORT, PR 43101",1,1.0
id_card_0024_combined,combined,issue_date,2025-06-21,2025-06-21,1,1.0
id_card_0024_combined,combined,expiry_date,2029-06-20,2029-06-20,1,1.0
id_card_0024_glare,glare,name,DANIEL SALINAS,DANIEL SALINAS,1,1.0
id_card_0024_glare,glare,dob,2006-12-15,2006-12-15,1,1.0
id_card_0024_glare,glare,id_number,DL-NZ26284IX,DL-NZ26284IX,1,1.0
id_card_0024_glare,glare,address,"6945 MARIAH CORNERS SUITE 737, ROGERSFORT, PR 43101","6945 MARIAH CORNERS SUITE 737, ROGERSFORT, PR 43101",1,1.0
id_card_0024_glare,glare,issue_date,2025-06-21,2025-06-21,1,1.0
id_card_0024_glare,glare,expiry_date,2029-06-20,2029-06-20,1,1.0
id_card_0024_jpeg,jpeg,name,DANIEL SALINAS,DANIEL SALINAS,1,1.0
id_card_0024_jpeg,jpeg,dob,2006-12-15,2006-12-15,1,1.0
id_card_0024_jpeg,jpeg,id_number,DL-NZ26284IX,DL-NZ26284IX,1,1.0
id_card_0024_jpeg,jpeg,address,"6945 MARIAH CORNERS SUITE 737, ROGERSFORT, PR 43101","6945 MARIAH CORNERS SUITE 737, ROGERSFORT, PR 43101",1,1.0
id_card_0024_jpeg,jpeg,issue_date,2025-06-21,2025-06-21,1,1.0
id_card_0024_jpeg,jpeg,expiry_date,2029-06-20,2029-06-20,1,1.0
id_card_0024_rotation,rotation,name,DANIEL SALINAS,DANIEL SALINAS,1,1.0
id_card_0024_rotation,rotation,dob,2006-12-15,2006-12-15,1,1.0
id_card_0024_rotation,rotation,id_number,DL-NZ26284IX,DL-NZ26284IX,1,1.0
id_card_0024_rotation,rotation,address,"6945 MARIAH CORNERS SUITE 737, ROGERSFORT, PR 43101","6945 MARIAH CORNERS SUITE 737, ROGERSFORT, PR 43101",1,1.0
id_card_0024_rotation,rotation,issue_date,2025-06-21,2029-06-20,0,0.8
id_card_0024_rotation,rotation,expiry_date,2029-06-20,2029-06-20,1,1.0
id_card_0025_blur,blur,name,JESSICA REESE,JESSICA REESE,1,1.0
id_card_0025_blur,blur,dob,1973-09-21,1973-09-21,1,1.0
id_card_0025_blur,blur,id_number,DL-MF94808PU,DL-MF94808PU,1,1.0
id_card_0025_blur,blur,address,"8377 MCGUIRE COURSE SUITE 363, ELIZABETHSTAD, NJ 73045","8377 MCGUIRE COURSE SUITE 363, ELIZABETHSIAD, NJ 73045",0,0.9815
id_card_0025_blur,blur,issue_date,2023-12-09,2023-12-09,1,1.0
id_card_0025_blur,blur,expiry_date,2031-12-07,2031-12-07,1,1.0
id_card_0025_combined,combined,name,JESSICA REESE,JESSICA REESE,1,1.0
id_card_0025_combined,combined,dob,1973-09-21,1973-09-21,1,1.0
id_card_0025_combined,combined,id_number,DL-MF94808PU,DL-MF94808PU,1,1.0
id_card_0025_combined,combined,address,"8377 MCGUIRE COURSE SUITE 363, ELIZABETHSTAD, NJ 73045","8377 MCGUIRE COURSE SUITE 363, ELIZABETHSTAD, NJ 73045",1,1.0
id_card_0025_combined,combined,issue_date,2023-12-09,2023-12-09,1,1.0
id_card_0025_combined,combined,expiry_date,2031-12-07,2031-12-07,1,1.0
id_card_0025_glare,glare,name,JESSICA REESE,JESSICA REESE,1,1.0
id_card_0025_glare,glare,dob,1973-09-21,1973-09-21,1,1.0
id_card_0025_glare,glare,id_number,DL-MF94808PU,DL-MF94808PU,1,1.0
id_card_0025_glare,glare,address,"8377 MCGUIRE COURSE SUITE 363, ELIZABETHSTAD, NJ 73045","8377 MCGUIRE COURSE SUITE 363, ELIZABETHSTAD, NJ 73045",1,1.0
id_card_0025_glare,glare,issue_date,2023-12-09,2023-12-09,1,1.0
id_card_0025_glare,glare,expiry_date,2031-12-07,2031-12-07,1,1.0
id_card_0025_jpeg,jpeg,name,JESSICA REESE,JESSICA REESE,1,1.0
id_card_0025_jpeg,jpeg,dob,1973-09-21,1973-09-21,1,1.0
id_card_0025_jpeg,jpeg,id_number,DL-MF94808PU,DL-MF94808PU,1,1.0
id_card_0025_jpeg,jpeg,address,"8377 MCGUIRE COURSE SUITE 363, ELIZABETHSTAD, NJ 73045","8377 MCGUIRE COURSE SUITE 363, ELIZABETHSTAD, NJ 73045",1,1.0
id_card_0025_jpeg,jpeg,issue_date,2023-12-09,2023-12-09,1,1.0
id_card_0025_jpeg,jpeg,expiry_date,2031-12-07,2031-12-07,1,1.0
id_card_0025_rotation,rotation,name,JESSICA REESE,JESSICA REESE,1,1.0
id_card_0025_rotation,rotation,dob,1973-09-21,1973-09-21,1,1.0
id_card_0025_rotation,rotation,id_number,DL-MF94808PU,DL-MF94808PU,1,1.0
id_card_0025_rotation,rotation,address,"8377 MCGUIRE COURSE SUITE 363, ELIZABETHSTAD, NJ 73045","8377 MCGUIRE COURSE SUITE 363, ELIZABETHSTAD, NJ 73045",1,1.0
id_card_0025_rotation,rotation,issue_date,2023-12-09,2031-12-07,0,0.7
id_card_0025_rotation,rotation,expiry_date,2031-12-07,2031-12-07,1,1.0
id_card_0026_blur,blur,name,ERIC ERICKSON,ERIC ERICKSON,1,1.0
id_card_0026_blur,blur,dob,1973-01-26,1973-01-26,1,1.0
id_card_0026_blur,blur,id_number,DL-HU74443MU,DL-HU74443MU,1,1.0
id_card_0026_blur,blur,address,"823 JOANNA HARBOR, TINABOROUGH, LA 30317","823 JOANNA HARBOR, TINABOROUGH, LA 30317",1,1.0
id_card_0026_blur,blur,issue_date,2024-07-21,2024-07-21,1,1.0
id_card_0026_blur,blur,expiry_date,2032-07-19,2032-07-19,1,1.0
id_card_0026_combined,combined,name,ERIC ERICKSON,ERIC ERICKSON,1,1.0
id_card_0026_combined,combined,dob,1973-01-26,1973-01-26,1,1.0
id_card_0026_combined,combined,id_number,DL-HU74443MU,DL-HU74443MU,1,1.0
id_card_0026_combined,combined,address,"823 JOANNA HARBOR, TINABOROUGH, LA 30317","823 JOANNA HARBOR, TINABOROUGH, LA 30317",1,1.0
id_card_0026_combined,combined,issue_date,2024-07-21,2024-07-21,1,1.0
id_card_0026_combined,combined,expiry_date,2032-07-19,2032-07-19,1,1.0
id_card_0026_glare,glare,name,ERIC ERICKSON,ERIC ERICKSON,1,1.0
id_card_0026_glare,glare,dob,1973-01-26,1973-01-26,1,1.0
id_card_0026_glare,glare,id_number,DL-HU74443MU,DL-HU74443MU,1,1.0
id_card_0026_glare,glare,address,"823 JOANNA HARBOR, TINABOROUGH, LA 30317","823 JOANNA HARBOR, TINABOROUGH, LA 30317",1,1.0
id_card_0026_glare,glare,issue_date,2024-07-21,2024-07-21,1,1.0
id_card_0026_glare,glare,expiry_date,2032-07-19,2032-07-19,1,1.0
id_card_0026_jpeg,jpeg,name,ERIC ERICKSON,ERIC ERICKSON,1,1.0
id_card_0026_jpeg,jpeg,dob,1973-01-26,1973-01-26,1,1.0
id_card_0026_jpeg,jpeg,id_number,DL-HU74443MU,DL-HU74443MU,1,1.0
id_card_0026_jpeg,jpeg,address,"823 JOANNA HARBOR, TINABOROUGH, LA 30317","823 JOANNA HARBOR, TINABOROUGH, LA 30317",1,1.0
id_card_0026_jpeg,jpeg,issue_date,2024-07-21,2024-07-21,1,1.0
id_card_0026_jpeg,jpeg,expiry_date,2032-07-19,2032-07-19,1,1.0
id_card_0026_rotation,rotation,name,ERIC ERICKSON,ERIC ERICKSON,1,1.0
id_card_0026_rotation,rotation,dob,1973-01-26,1973-01-26,1,1.0
id_card_0026_rotation,rotation,id_number,DL-HU74443MU,DL-HU74443MU,1,1.0
id_card_0026_rotation,rotation,address,"823 JOANNA HARBOR, TINABOROUGH, LA 30317","823 JOANNA HARBOR, TINABOROUGH, LA 30317",1,1.0
id_card_0026_rotation,rotation,issue_date,2024-07-21,2032-07-19,0,0.6
id_card_0026_rotation,rotation,expiry_date,2032-07-19,2032-07-19,1,1.0
id_card_0027_blur,blur,name,BENJAMIN SOTO,BENJAMIN SOTO,1,1.0
id_card_0027_blur,blur,dob,1959-03-06,1959-03-06,1,1.0
id_card_0027_blur,blur,id_number,DL-OW00842FG,DL-OW00842FG,1,1.0
id_card_0027_blur,blur,address,"477 PETERSON CENTER, SHELLEYFORT, DE 09065","477 PETERSON CENTER, SHELLEYFORT, DE 09065",1,1.0
id_card_0027_blur,blur,issue_date,2023-11-23,2023-11-23,1,1.0
id_card_0027_blur,blur,expiry_date,2031-11-21,2031-11-21,1,1.0
id_card_0027_combined,combined,name,BENJAMIN SOTO,BENJAMIN SOTO,1,1.0
id_card_0027_combined,combined,dob,1959-03-06,1959-03-06,1,1.0
id_card_0027_combined,combined,id_number,DL-OW00842FG,DL-OW00842FG,1,1.0
id_card_0027_combined,combined,address,"477 PETERSON CENTER, SHELLEYFORT, DE 09065","477 PETERSON CENTER, SHELLEYFORT, DE 09065",1,1.0
id_card_0027_combined,combined,issue_date,2023-11-23,2023-11-23,1,1.0
id_card_0027_combined,combined,expiry_date,2031-11-21,2031-11-21,1,1.0
id_card_0027_glare,glare,name,BENJAMIN SOTO,BENJAMIN SOTO,1,1.0
id_card_0027_glare,glare,dob,1959-03-06,1959-03-06,1,1.0
id_card_0027_glare,glare,id_number,DL-OW00842FG,DL-OW00842FG,1,1.0
id_card_0027_glare,glare,address,"477 PETERSON CENTER, SHELLEYFORT, DE 09065","477 PETERSON CENTER, SHELLEYFORT, DE 09065",1,1.0
id_card_0027_glare,glare,issue_date,2023-11-23,2023-11-23,1,1.0
id_card_0027_glare,glare,expiry_date,2031-11-21,2031-11-21,1,1.0
id_card_0027_jpeg,jpeg,name,BENJAMIN SOTO,BENJAMIN SOTO,1,1.0
id_card_0027_jpeg,jpeg,dob,1959-03-06,1959-03-06,1,1.0
id_card_0027_jpeg,jpeg,id_number,DL-OW00842FG,DL-OW00842FG,1,1.0
id_card_0027_jpeg,jpeg,address,"477 PETERSON CENTER, SHELLEYFORT, DE 09065","477 PETERSON CENTER, SHELLEYFORT, DE 09065",1,1.0
id_card_0027_jpeg,jpeg,issue_date,2023-11-23,2023-11-23,1,1.0
id_card_0027_jpeg,jpeg,expiry_date,2031-11-21,2031-11-21,1,1.0
id_card_0027_rotation,rotation,name,BENJAMIN SOTO,BENJAMIN SOTO,1,1.0
id_card_0027_rotation,rotation,dob,1959-03-06,1959-03-06,1,1.0
id_card_0027_rotation,rotation,id_number,DL-OW00842FG,DL-OW00842FG,1,1.0
id_card_0027_rotation,rotation,address,"477 PETERSON CENTER, SHELLEYFORT, DE 09065","477 PETERSON CENTER, SHELLEYFORT, DE 09065",1,1.0
id_card_0027_rotation,rotation,issue_date,2023-11-23,2031-11-21,0,0.7
id_card_0027_rotation,rotation,expiry_date,2031-11-21,2031-11-21,1,1.0
id_card_0028_blur,blur,name,PHILLIP GARRETT,PHILLIP GARRETT,1,1.0
id_card_0028_blur,blur,dob,1954-03-18,1954-03-18,1,1.0
id_card_0028_blur,blur,id_number,DL-HJ29413WA,DL-HJ29413WA,1,1.0
id_card_0028_blur,blur,address,"677 DALTON MEADOW, ASHLEYTON, RI 97505","677 DALTON MEADOW, ASHLEYTON, RI 97505",1,1.0
id_card_0028_blur,blur,issue_date,2022-11-07,2022-11-07,1,1.0
id_card_0028_blur,blur,expiry_date,2028-11-05,2028-11-05,1,1.0
id_card_0028_combined,combined,name,PHILLIP GARRETT,PHILLIP GARRETT,1,1.0
id_card_0028_combined,combined,dob,1954-03-18,1954-03-18,1,1.0
id_card_0028_combined,combined,id_number,DL-HJ29413WA,DL-HJ29413WA,1,1.0
id_card_0028_combined,combined,address,"677 DALTON MEADOW, ASHLEYTON, RI 97505","677 DALTON MEADOW, ASHLEYTON, RI 97505",1,1.0
id_card_0028_combined,combined,issue_date,2022-11-07,2022-11-07,1,1.0
id_card_0028_combined,combined,expiry_date,2028-11-05,2028-11-05,1,1.0
id_card_0028_glare,glare,name,PHILLIP GARRETT,PHILLIP GARRETT,1,1.0
id_card_0028_glare,glare,dob,1954-03-18,1954-03-18,1,1.0
id_card_0028_glare,glare,id_number,DL-HJ29413WA,DL-HJ29413WA,1,1.0
id_card_0028_glare,glare,address,"677 DALTON MEADOW, ASHLEYTON, RI 97505","677 DALTON MEADOW, ASHLEYTON, RI 97505",1,1.0
id_card_0028_glare,glare,issue_date,2022-11-07,2022-11-07,1,1.0
id_card_0028_glare,glare,expiry_date,2028-11-05,2028-11-05,1,1.0
id_card_0028_jpeg,jpeg,name,PHILLIP GARRETT,PHILLIP GARRETT,1,1.0
id_card_0028_jpeg,jpeg,dob,1954-03-18,1954-03-18,1,1.0
id_card_0028_jpeg,jpeg,id_number,DL-HJ29413WA,DL-HJ29413WA,1,1.0
id_card_0028_jpeg,jpeg,address,"677 DALTON MEADOW, ASHLEYTON, RI 97505","677 DALTON MEADOW, ASHLEYTON, RI 97505",1,1.0
id_card_0028_jpeg,jpeg,issue_date,2022-11-07,2022-11-07,1,1.0
id_card_0028_jpeg,jpeg,expiry_date,2028-11-05,2028-11-05,1,1.0
id_card_0028_rotation,rotation,name,PHILLIP GARRETT,PHILLIP GARRETT,1,1.0
id_card_0028_rotation,rotation,dob,1954-03-18,1954-03-18,1,1.0
id_card_0028_rotation,rotation,id_number,DL-HJ29413WA,DL-HJ29413WA,1,1.0
id_card_0028_rotation,rotation,address,"677 DALTON MEADOW, ASHLEYTON, RI 97505","677 DALTON MEADOW, ASHLEYTON, RI 97505",1,1.0
id_card_0028_rotation,rotation,issue_date,2022-11-07,2028-11-05,0,0.8
id_card_0028_rotation,rotation,expiry_date,2028-11-05,2028-11-05,1,1.0
id_card_0029_blur,blur,name,ANDREA MARTIN,ANDREA MARTIN,1,1.0
id_card_0029_blur,blur,dob,1968-07-27,1968-07-27,1,1.0
id_card_0029_blur,blur,id_number,DL-KA23281AC,DL-KA23281AC,1,1.0
id_card_0029_blur,blur,address,"0344 JONES FORT SUITE 936, NEW JEFFREYBERG, PW 35317","0344 JONES FORT SUITE 936, NEW JEFFREYBERG, PW 35317",1,1.0
id_card_0029_blur,blur,issue_date,2022-04-02,2022-04-02,1,1.0
id_card_0029_blur,blur,expiry_date,2028-03-31,2028-03-31,1,1.0
id_card_0029_combined,combined,name,ANDREA MARTIN,ANDREA MARTIN,1,1.0
id_card_0029_combined,combined,dob,1968-07-27,1968-07-27,1,1.0
id_card_0029_combined,combined,id_number,DL-KA23281AC,DL-KA23281AC,1,1.0
id_card_0029_combined,combined,address,"0344 JONES FORT SUITE 936, NEW JEFFREYBERG, PW 35317","0344 JONES FORT SUITE 936, NEW JEFFREYBERG, PW 35317",1,1.0
id_card_0029_combined,combined,issue_date,2022-04-02,2022-04-02,1,1.0
id_card_0029_combined,combined,expiry_date,2028-03-31,2028-03-31,1,1.0
id_card_0029_glare,glare,name,ANDREA MARTIN,ANDREA MARTIN,1,1.0
id_card_0029_glare,glare,dob,1968-07-27,1968-07-27,1,1.0
id_card_0029_glare,glare,id_number,DL-KA23281AC,DL-KA23281AC,1,1.0
id_card_0029_glare,glare,address,"0344 JONES FORT SUITE 936, NEW JEFFREYBERG, PW 35317","0344 JONES FORT SUITE 936, NEW JEFFREYBERG, PW 35317",1,1.0
id_card_0029_glare,glare,issue_date,2022-04-02,2022-04-02,1,1.0
id_card_0029_glare,glare,expiry_date,2028-03-31,2028-03-31,1,1.0
id_card_0029_jpeg,jpeg,name,ANDREA MARTIN,ANDREA MARTIN,1,1.0
id_card_0029_jpeg,jpeg,dob,1968-07-27,1968-07-27,1,1.0
id_card_0029_jpeg,jpeg,id_number,DL-KA23281AC,DL-KA23281AC,1,1.0
id_card_0029_jpeg,jpeg,address,"0344 JONES FORT SUITE 936, NEW JEFFREYBERG, PW 35317","0344 JONES FORT SUITE 936, NEW JEFFREYBERG, PW 35317",1,1.0
id_card_0029_jpeg,jpeg,issue_date,2022-04-02,2022-04-02,1,1.0
id_card_0029_jpeg,jpeg,expiry_date,2028-03-31,2028-03-31,1,1.0
id_card_0029_rotation,rotation,name,ANDREA MARTIN,ANDREA MARTIN,1,1.0
id_card_0029_rotation,rotation,dob,1968-07-27,1968-07-27,1,1.0
id_card_0029_rotation,rotation,id_number,DL-KA23281AC,DL-KA23281AC,1,1.0
id_card_0029_rotation,rotation,address,"0344 JONES FORT SUITE 936, NEW JEFFREYBERG, PW 35317","0344 JONES FORT SUITE 936, NEW JEFFREYBERG, PW 35317",1,1.0
id_card_0029_rotation,rotation,issue_date,2022-04-02,2028-03-31,0,0.6
id_card_0029_rotation,rotation,expiry_date,2028-03-31,2028-03-31,1,1.0
id_card_0030_blur,blur,name,CASEY STONE,CASEY STONE,1,1.0
id_card_0030_blur,blur,dob,1971-06-30,1971-06-30,1,1.0
id_card_0030_blur,blur,id_number,DL-SZ47174RG,DL-SZ47174RG,1,1.0
id_card_0030_blur,blur,address,"1906 MUNOZ BURG APT. 399, PORT EMILYVIEW, OK 05774","1906 MUNOZ BURG APT. 399, PORT EMILYVIEW, OK 05774",1,1.0
id_card_0030_blur,blur,issue_date,2026-05-27,2026-05-27,1,1.0
id_card_0030_blur,blur,expiry_date,2032-05-25,2032-05-25,1,1.0
id_card_0030_combined,combined,name,CASEY STONE,CASEY STONE,1,1.0
id_card_0030_combined,combined,dob,1971-06-30,1971-06-30,1,1.0
id_card_0030_combined,combined,id_number,DL-SZ47174RG,DL-SZ47174RG,1,1.0
id_card_0030_combined,combined,address,"1906 MUNOZ BURG APT. 399, PORT EMILYVIEW, OK 05774","1906 MUNOZ BURG APT. 399, PORT EMILYVIEW, OK 05774",1,1.0
id_card_0030_combined,combined,issue_date,2026-05-27,2026-05-27,1,1.0
id_card_0030_combined,combined,expiry_date,2032-05-25,2032-05-25,1,1.0
id_card_0030_glare,glare,name,CASEY STONE,CASEY STONE,1,1.0
id_card_0030_glare,glare,dob,1971-06-30,1971-06-30,1,1.0
id_card_0030_glare,glare,id_number,DL-SZ47174RG,DL-SZ47174RG,1,1.0
id_card_0030_glare,glare,address,"1906 MUNOZ BURG APT. 399, PORT EMILYVIEW, OK 05774","1906 MUNOZ BURG APT. 399, PORT EMILYVIEW, OK 05774",1,1.0
id_card_0030_glare,glare,issue_date,2026-05-27,2026-05-27,1,1.0
id_card_0030_glare,glare,expiry_date,2032-05-25,2032-05-25,1,1.0
id_card_0030_jpeg,jpeg,name,CASEY STONE,CASEY STONE,1,1.0
id_card_0030_jpeg,jpeg,dob,1971-06-30,1971-06-30,1,1.0
id_card_0030_jpeg,jpeg,id_number,DL-SZ47174RG,DL-SZ47174RG,1,1.0
id_card_0030_jpeg,jpeg,address,"1906 MUNOZ BURG APT. 399, PORT EMILYVIEW, OK 05774","1906 MUNOZ BURG APT. 399, PORT EMILYVIEW, OK 05774",1,1.0
id_card_0030_jpeg,jpeg,issue_date,2026-05-27,2026-05-27,1,1.0
id_card_0030_jpeg,jpeg,expiry_date,2032-05-25,2032-05-25,1,1.0
id_card_0030_rotation,rotation,name,CASEY STONE,CASEY STONE,1,1.0
id_card_0030_rotation,rotation,dob,1971-06-30,1971-06-30,1,1.0
id_card_0030_rotation,rotation,id_number,DL-SZ47174RG,DL-SZ47174RG,1,1.0
id_card_0030_rotation,rotation,address,"1906 MUNOZ BURG APT. 399, PORT EMILYVIEW, OK 05774","1906 MUNOZ BURG APT. 399, PORT EMILYVIEW, OK 05774",1,1.0
id_card_0030_rotation,rotation,issue_date,2026-05-27,2032-05-25,0,0.7
id_card_0030_rotation,rotation,expiry_date,2032-05-25,2032-05-25,1,1.0
id_card_0031_blur,blur,name,SAMANTHA SMITH,SAMANTHA SMITH,1,1.0
id_card_0031_blur,blur,dob,1980-08-27,1980-08-27,1,1.0
id_card_0031_blur,blur,id_number,DL-EW29671AV,DL-EW29671AV,1,1.0
id_card_0031_blur,blur,address,"125 STEELE HEIGHTS SUITE 807, WEST JOHNNYVILLE, WI 53477","125 SIEELE HEIGHTS SUITE 807, WESI JOHNNYVILLE, WI 53477",0,0.9643
id_card_0031_blur,blur,issue_date,2023-12-05,2023-12-05,1,1.0
id_card_0031_blur,blur,expiry_date,2029-12-03,2029-12-03,1,1.0
id_card_0031_combined,combined,name,SAMANTHA SMITH,SAMANTHA SMITH,1,1.0
id_card_0031_combined,combined,dob,1980-08-27,1980-08-27,1,1.0
id_card_0031_combined,combined,id_number,DL-EW29671AV,DL-EW29671AV,1,1.0
id_card_0031_combined,combined,address,"125 STEELE HEIGHTS SUITE 807, WEST JOHNNYVILLE, WI 53477","125 STEELE HEIGHTS SUITE 807, WEST JOHNNYVILLE, WI 53477",1,1.0
id_card_0031_combined,combined,issue_date,2023-12-05,2023-12-05,1,1.0
id_card_0031_combined,combined,expiry_date,2029-12-03,2029-12-03,1,1.0
id_card_0031_glare,glare,name,SAMANTHA SMITH,SAMANTHA SMITH,1,1.0
id_card_0031_glare,glare,dob,1980-08-27,1980-08-27,1,1.0
id_card_0031_glare,glare,id_number,DL-EW29671AV,DL-EW29671AV,1,1.0
id_card_0031_glare,glare,address,"125 STEELE HEIGHTS SUITE 807, WEST JOHNNYVILLE, WI 53477","125 STEELE HEIGHTS SUITE 807, WEST JOHNNYVILLE, WI 53477",1,1.0
id_card_0031_glare,glare,issue_date,2023-12-05,2023-12-05,1,1.0
id_card_0031_glare,glare,expiry_date,2029-12-03,2029-12-03,1,1.0
id_card_0031_jpeg,jpeg,name,SAMANTHA SMITH,SAMANTHA SMITH,1,1.0
id_card_0031_jpeg,jpeg,dob,1980-08-27,1980-08-27,1,1.0
id_card_0031_jpeg,jpeg,id_number,DL-EW29671AV,DL-EW29671AV,1,1.0
id_card_0031_jpeg,jpeg,address,"125 STEELE HEIGHTS SUITE 807, WEST JOHNNYVILLE, WI 53477","125 STEELE HEIGHTS SUITE 807, WEST JOHNNYVILLE, WI 53477",1,1.0
id_card_0031_jpeg,jpeg,issue_date,2023-12-05,2023-12-05,1,1.0
id_card_0031_jpeg,jpeg,expiry_date,2029-12-03,2029-12-03,1,1.0
id_card_0031_rotation,rotation,name,SAMANTHA SMITH,SAMANTHA SMITH,1,1.0
id_card_0031_rotation,rotation,dob,1980-08-27,1980-08-27,1,1.0
id_card_0031_rotation,rotation,id_number,DL-EW29671AV,DL-EW29671AV,1,1.0
id_card_0031_rotation,rotation,address,"125 STEELE HEIGHTS SUITE 807, WEST JOHNNYVILLE, WI 53477","125 STEELE HEIGHTS SUITE 807, WEST JOHNNYVILLE, WI 53477",1,1.0
id_card_0031_rotation,rotation,issue_date,2023-12-05,2029-12-03,0,0.8
id_card_0031_rotation,rotation,expiry_date,2029-12-03,2029-12-03,1,1.0
id_card_0032_blur,blur,name,WILLIE DURHAM,WILLIE DURHAM,1,1.0
id_card_0032_blur,blur,dob,1987-06-27,1987-06-27,1,1.0
id_card_0032_blur,blur,id_number,DL-NW60385FO,DL-NW60385FO,1,1.0
id_card_0032_blur,blur,address,"34824 GILMORE OVAL APT. 093, WEST ANDREA, OH 53977","34824 GILMORE OVAL APT. 093, WESI ANDREA, OH 53977",0,0.98
id_card_0032_blur,blur,issue_date,2025-06-28,2025-06-28,1,1.0
id_card_0032_blur,blur,expiry_date,2033-06-26,2033-06-26,1,1.0
id_card_0032_combined,combined,name,WILLIE DURHAM,WILLIE DURHAM,1,1.0
id_card_0032_combined,combined,dob,1987-06-27,1987-06-27,1,1.0
id_card_0032_combined,combined,id_number,DL-NW60385FO,DL-NW60385FO,1,1.0
id_card_0032_combined,combined,address,"34824 GILMORE OVAL APT. 093, WEST ANDREA, OH 53977","34824 GILMORE OVAL APT. 093, WEST ANDREA, OH 53977",1,1.0
id_card_0032_combined,combined,issue_date,2025-06-28,2025-06-28,1,1.0
id_card_0032_combined,combined,expiry_date,2033-06-26,2033-06-26,1,1.0
id_card_0032_glare,glare,name,WILLIE DURHAM,WILLIE DURHAM,1,1.0
id_card_0032_glare,glare,dob,1987-06-27,1987-06-27,1,1.0
id_card_0032_glare,glare,id_number,DL-NW60385FO,DL-NW60385FO,1,1.0
id_card_0032_glare,glare,address,"34824 GILMORE OVAL APT. 093, WEST ANDREA, OH 53977","34824 GILMORE OVAL APT. 093, WEST ANDREA, OH 53977",1,1.0
id_card_0032_glare,glare,issue_date,2025-06-28,2025-06-28,1,1.0
id_card_0032_glare,glare,expiry_date,2033-06-26,2033-06-26,1,1.0
id_card_0032_jpeg,jpeg,name,WILLIE DURHAM,WILLIE DURHAM,1,1.0
id_card_0032_jpeg,jpeg,dob,1987-06-27,1987-06-27,1,1.0
id_card_0032_jpeg,jpeg,id_number,DL-NW60385FO,DL-NW60385FO,1,1.0
id_card_0032_jpeg,jpeg,address,"34824 GILMORE OVAL APT. 093, WEST ANDREA, OH 53977","34824 GILMORE OVAL APT. 093, WEST ANDREA, OH 53977",1,1.0
id_card_0032_jpeg,jpeg,issue_date,2025-06-28,2025-06-28,1,1.0
id_card_0032_jpeg,jpeg,expiry_date,2033-06-26,2033-06-26,1,1.0
id_card_0032_rotation,rotation,name,WILLIE DURHAM,WILLIE DURHAM,1,1.0
id_card_0032_rotation,rotation,dob,1987-06-27,1987-06-27,1,1.0
id_card_0032_rotation,rotation,id_number,DL-NW60385FO,DL-NW60385FO,1,1.0
id_card_0032_rotation,rotation,address,"34824 GILMORE OVAL APT. 093, WEST ANDREA, OH 53977","34824 GILMORE OVAL APT. 093, WEST ANDREA, OH 53977",1,1.0
id_card_0032_rotation,rotation,issue_date,2025-06-28,2033-06-26,0,0.7
id_card_0032_rotation,rotation,expiry_date,2033-06-26,2033-06-26,1,1.0
id_card_0033_blur,blur,name,CHARLES RYAN MD,CHARLES RYAN MD,1,1.0
id_card_0033_blur,blur,dob,1981-12-18,1981-12-18,1,1.0
id_card_0033_blur,blur,id_number,DL-AE27484EP,DL-AE27484EP,1,1.0
id_card_0033_blur,blur,address,"263 MICHELLE HARBOR SUITE 584, WEST JESSICASHIRE, OR 87000","263 MICHELLE HARBOR SUITE 584, WESI JESSICASHIRE, OR 87000",0,0.9828
id_card_0033_blur,blur,issue_date,2022-07-23,2022-07-23,1,1.0
id_card_0033_blur,blur,expiry_date,2028-07-21,2028-07-21,1,1.0
id_card_0033_combined,combined,name,CHARLES RYAN MD,CHARLES RYAN MD,1,1.0
id_card_0033_combined,combined,dob,1981-12-18,1981-12-18,1,1.0
id_card_0033_combined,combined,id_number,DL-AE27484EP,DL-AE27484EP,1,1.0
id_card_0033_combined,combined,address,"263 MICHELLE HARBOR SUITE 584, WEST JESSICASHIRE, OR 87000","263 MICHELLE HARBOR SUITE 584, WEST JESSICASHIRE, OR 87000",1,1.0
id_card_0033_combined,combined,issue_date,2022-07-23,2022-07-23,1,1.0
id_card_0033_combined,combined,expiry_date,2028-07-21,2028-07-21,1,1.0
id_card_0033_glare,glare,name,CHARLES RYAN MD,CHARLES RYAN MD,1,1.0
id_card_0033_glare,glare,dob,1981-12-18,1981-12-18,1,1.0
id_card_0033_glare,glare,id_number,DL-AE27484EP,DL-AE27484EP,1,1.0
id_card_0033_glare,glare,address,"263 MICHELLE HARBOR SUITE 584, WEST JESSICASHIRE, OR 87000","263 MICHELLE HARBOR SUITE 584, WEST JESSICASHIRE, OR 87000",1,1.0
id_card_0033_glare,glare,issue_date,2022-07-23,2022-07-23,1,1.0
id_card_0033_glare,glare,expiry_date,2028-07-21,2028-07-21,1,1.0
id_card_0033_jpeg,jpeg,name,CHARLES RYAN MD,CHARLES RYAN MD,1,1.0
id_card_0033_jpeg,jpeg,dob,1981-12-18,1981-12-18,1,1.0
id_card_0033_jpeg,jpeg,id_number,DL-AE27484EP,DL-AE27484EP,1,1.0
id_card_0033_jpeg,jpeg,address,"263 MICHELLE HARBOR SUITE 584, WEST JESSICASHIRE, OR 87000","263 MICHELLE HARBOR SUITE 584, WEST JESSICASHIRE, OR 87000",1,1.0
id_card_0033_jpeg,jpeg,issue_date,2022-07-23,2022-07-23,1,1.0
id_card_0033_jpeg,jpeg,expiry_date,2028-07-21,2028-07-21,1,1.0
id_card_0033_rotation,rotation,name,CHARLES RYAN MD,CHARLES RYAN MD,1,1.0
id_card_0033_rotation,rotation,dob,1981-12-18,1981-12-18,1,1.0
id_card_0033_rotation,rotation,id_number,DL-AE27484EP,DL-AE27484EP,1,1.0
id_card_0033_rotation,rotation,address,"263 MICHELLE HARBOR SUITE 584, WEST JESSICASHIRE, OR 87000","263 MICHELLE HARBOR SUITE 584, WEST JESSICASHIRE, OR 87000",1,1.0
id_card_0033_rotation,rotation,issue_date,2022-07-23,2028-07-21,0,0.8
id_card_0033_rotation,rotation,expiry_date,2028-07-21,2028-07-21,1,1.0
id_card_0034_blur,blur,name,ANGELA HARRINGTON,ANGELA HARRINGTON,1,1.0
id_card_0034_blur,blur,dob,1988-02-13,1988-02-13,1,1.0
id_card_0034_blur,blur,id_number,DL-KY67533OX,DL-KY67533OX,1,1.0
id_card_0034_blur,blur,address,"57662 HANNA CROSSROAD SUITE 171, SMITHBERG, MT 86324","57662 HANNA CROSSROAD SUITE 171, SMITHBERG, MT 86324",1,1.0
id_card_0034_blur,blur,issue_date,2026-03-08,2026-03-08,1,1.0
id_card_0034_blur,blur,expiry_date,2034-03-06,2034-03-06,1,1.0
id_card_0034_combined,combined,name,ANGELA HARRINGTON,ANGELA HARRINGTON,1,1.0
id_card_0034_combined,combined,dob,1988-02-13,1988-02-13,1,1.0
id_card_0034_combined,combined,id_number,DL-KY67533OX,DL-KY67533OX,1,1.0
id_card_0034_combined,combined,address,"57662 HANNA CROSSROAD SUITE 171, SMITHBERG, MT 86324","57662 HANNA CROSSROAD SUITE 171, SMITHBERG, MT 86324",1,1.0
id_card_0034_combined,combined,issue_date,2026-03-08,2026-03-08,1,1.0
id_card_0034_combined,combined,expiry_date,2034-03-06,2034-03-06,1,1.0
id_card_0034_glare,glare,name,ANGELA HARRINGTON,ANGELA HARRINGTON,1,1.0
id_card_0034_glare,glare,dob,1988-02-13,1988-02-13,1,1.0
id_card_0034_glare,glare,id_number,DL-KY67533OX,DL-KY67533OX,1,1.0
id_card_0034_glare,glare,address,"57662 HANNA CROSSROAD SUITE 171, SMITHBERG, MT 86324","57662 HANNA CROSSROAD SUITE 171, SMITHBERG, MT 86324",1,1.0
id_card_0034_glare,glare,issue_date,2026-03-08,2026-03-08,1,1.0
id_card_0034_glare,glare,expiry_date,2034-03-06,2034-03-06,1,1.0
id_card_0034_jpeg,jpeg,name,ANGELA HARRINGTON,ANGELA HARRINGTON,1,1.0
id_card_0034_jpeg,jpeg,dob,1988-02-13,1988-02-13,1,1.0
id_card_0034_jpeg,jpeg,id_number,DL-KY67533OX,DL-KY67533OX,1,1.0
id_card_0034_jpeg,jpeg,address,"57662 HANNA CROSSROAD SUITE 171, SMITHBERG, MT 86324","57662 HANNA CROSSROAD SUITE 171, SMITHBERG, MT 86324",1,1.0
id_card_0034_jpeg,jpeg,issue_date,2026-03-08,2026-03-08,1,1.0
id_card_0034_jpeg,jpeg,expiry_date,2034-03-06,2034-03-06,1,1.0
id_card_0034_rotation,rotation,name,ANGELA HARRINGTON,ANGELA HARRINGTON,1,1.0
id_card_0034_rotation,rotation,dob,1988-02-13,1988-02-13,1,1.0
id_card_0034_rotation,rotation,id_number,DL-KY67533OX,DL-KY67533OX,1,1.0
id_card_0034_rotation,rotation,address,"57662 HANNA CROSSROAD SUITE 171, SMITHBERG, MT 86324","57662 HANNA CROSSROAD SUITE 171, SMITHBERG, MT 86324",1,1.0
id_card_0034_rotation,rotation,issue_date,2026-03-08,2034-03-06,0,0.7
id_card_0034_rotation,rotation,expiry_date,2034-03-06,2034-03-06,1,1.0
id_card_0035_blur,blur,name,ROBERT CARTER,ROBERT CARTER,1,1.0
id_card_0035_blur,blur,dob,1968-08-06,1968-08-06,1,1.0
id_card_0035_blur,blur,id_number,DL-YU96158OT,DL-YU96158OT,1,1.0
id_card_0035_blur,blur,address,"091 CRYSTAL HEIGHTS APT. 161, SOUTH GARRETTPORT, MH 04295","091 CRYSIAL HEIGHTS APT. 161, SOUTH GARRETTPORT, MH 04295",0,0.9825
id_card_0035_blur,blur,issue_date,2024-06-09,2024-06-09,1,1.0
id_card_0035_blur,blur,expiry_date,2032-06-07,2032-06-07,1,1.0
id_card_0035_combined,combined,name,ROBERT CARTER,ROBERT CARTER,1,1.0
id_card_0035_combined,combined,dob,1968-08-06,1968-08-06,1,1.0
id_card_0035_combined,combined,id_number,DL-YU96158OT,DL-YU96158OT,1,1.0
id_card_0035_combined,combined,address,"091 CRYSTAL HEIGHTS APT. 161, SOUTH GARRETTPORT, MH 04295","091 CRYSTAL HEIGHTS APT. 161, SOUTH GARRETTPORT, MH 04295",1,1.0
id_card_0035_combined,combined,issue_date,2024-06-09,2024-06-09,1,1.0
id_card_0035_combined,combined,expiry_date,2032-06-07,2032-06-07,1,1.0
id_card_0035_glare,glare,name,ROBERT CARTER,ROBERT CARTER,1,1.0
id_card_0035_glare,glare,dob,1968-08-06,1968-08-06,1,1.0
id_card_0035_glare,glare,id_number,DL-YU96158OT,DL-YU96158OT,1,1.0
id_card_0035_glare,glare,address,"091 CRYSTAL HEIGHTS APT. 161, SOUTH GARRETTPORT, MH 04295","091 CRYSTAL HEIGHTS APT. 161, SOUTH GARRETTPORT, MH 04295",1,1.0
id_card_0035_glare,glare,issue_date,2024-06-09,2024-06-09,1,1.0
id_card_0035_glare,glare,expiry_date,2032-06-07,2032-06-07,1,1.0
id_card_0035_jpeg,jpeg,name,ROBERT CARTER,ROBERT CARTER,1,1.0
id_card_0035_jpeg,jpeg,dob,1968-08-06,1968-08-06,1,1.0
id_card_0035_jpeg,jpeg,id_number,DL-YU96158OT,DL-YU96158OT,1,1.0
id_card_0035_jpeg,jpeg,address,"091 CRYSTAL HEIGHTS APT. 161, SOUTH GARRETTPORT, MH 04295","091 CRYSTAL HEIGHTS APT. 161, SOUTH GARRETTPORT, MH 04295",1,1.0
id_card_0035_jpeg,jpeg,issue_date,2024-06-09,2024-06-09,1,1.0
id_card_0035_jpeg,jpeg,expiry_date,2032-06-07,2032-06-07,1,1.0
id_card_0035_rotation,rotation,name,ROBERT CARTER,ROBERT CARTER,1,1.0
id_card_0035_rotation,rotation,dob,1968-08-06,1968-08-06,1,1.0
id_card_0035_rotation,rotation,id_number,DL-YU96158OT,DL-YU96158OT,1,1.0
id_card_0035_rotation,rotation,address,"091 CRYSTAL HEIGHTS APT. 161, SOUTH GARRETTPORT, MH 04295","091 CRYSTAL HEIGHTS APT. 161, SOUTH GARRETTPORT, MH 04295",1,1.0
id_card_0035_rotation,rotation,issue_date,2024-06-09,2032-06-07,0,0.7
id_card_0035_rotation,rotation,expiry_date,2032-06-07,2032-06-07,1,1.0
id_card_0036_blur,blur,name,MEGAN MOORE,MEGAN MOORE,1,1.0
id_card_0036_blur,blur,dob,1976-01-26,1976-01-26,1,1.0
id_card_0036_blur,blur,id_number,DL-RY23869LK,DL-RY23869LK,1,1.0
id_card_0036_blur,blur,address,"96937 JESSE ROUTE, STEVETOWN, MH 61482","96937 JESSE ROUTE, SIEVETOWN, MH 61482",0,0.9737
id_card_0036_blur,blur,issue_date,2025-03-23,2025-03-23,1,1.0
id_card_0036_blur,blur,expiry_date,2031-03-22,2031-03-22,1,1.0
id_card_0036_combined,combined,name,MEGAN MOORE,MEGAN MOORE,1,1.0
id_card_0036_combined,combined,dob,1976-01-26,1976-01-26,1,1.0
id_card_0036_combined,combined,id_number,DL-RY23869LK,DL-RY23869LK,1,1.0
id_card_0036_combined,combined,address,"96937 JESSE ROUTE, STEVETOWN, MH 61482","96937 JESSE ROUTE, STEVETOWN, MH 61482",1,1.0
id_card_0036_combined,combined,issue_date,2025-03-23,2025-03-23,1,1.0
id_card_0036_combined,combined,expiry_date,2031-03-22,2031-03-22,1,1.0
id_card_0036_glare,glare,name,MEGAN MOORE,MEGAN MOORE,1,1.0
id_card_0036_glare,glare,dob,1976-01-26,1976-01-26,1,1.0
id_card_0036_glare,glare,id_number,DL-RY23869LK,DL-RY23869LK,1,1.0
id_card_0036_glare,glare,address,"96937 JESSE ROUTE, STEVETOWN, MH 61482","96937 JESSE ROUTE, STEVETOWN, MH 61482",1,1.0
id_card_0036_glare,glare,issue_date,2025-03-23,2025-03-23,1,1.0
id_card_0036_glare,glare,expiry_date,2031-03-22,2031-03-22,1,1.0
id_card_0036_jpeg,jpeg,name,MEGAN MOORE,MEGAN MOORE,1,1.0
id_card_0036_jpeg,jpeg,dob,1976-01-26,1976-01-26,1,1.0
id_card_0036_jpeg,jpeg,id_number,DL-RY23869LK,DL-RY23869LK,1,1.0
id_card_0036_jpeg,jpeg,address,"96937 JESSE ROUTE, STEVETOWN, MH 61482","96937 JESSE ROUTE, STEVETOWN, MH 61482",1,1.0
id_card_0036_jpeg,jpeg,issue_date,2025-03-23,2025-03-23,1,1.0
id_card_0036_jpeg,jpeg,expiry_date,2031-03-22,2031-03-22,1,1.0
id_card_0036_rotation,rotation,name,MEGAN MOORE,MEGAN MOORE,1,1.0
id_card_0036_rotation,rotation,dob,1976-01-26,1976-01-26,1,1.0
id_card_0036_rotation,rotation,id_number,DL-RY23869LK,DL-RY23869LK,1,1.0
id_card_0036_rotation,rotation,address,"96937 JESSE ROUTE, STEVETOWN, MH 61482","96937 JESSE ROUTE, STEVETOWN, MH 61482",1,1.0
id_card_0036_rotation,rotation,issue_date,2025-03-23,2031-03-22,0,0.7
id_card_0036_rotation,rotation,expiry_date,2031-03-22,2031-03-22,1,1.0
id_card_0037_blur,blur,name,VALERIE LOZANO,VALERIE LOZANO,1,1.0
id_card_0037_blur,blur,dob,1980-08-15,1980-08-15,1,1.0
id_card_0037_blur,blur,id_number,DL-TM94647YE,DL-TM94647YE,1,1.0
id_card_0037_blur,blur,address,"69594 JOHNSON VILLAGE, HILLSHIRE, VI 90390","69594 JOHNSON VILLAGE, HILLSHIRE, VI 90390",1,1.0
id_card_0037_blur,blur,issue_date,2024-07-01,2024-07-01,1,1.0
id_card_0037_blur,blur,expiry_date,2032-06-29,2032-06-29,1,1.0
id_card_0037_combined,combined,name,VALERIE LOZANO,VALERIE LOZANO,1,1.0
id_card_0037_combined,combined,dob,1980-08-15,1980-08-15,1,1.0
id_card_0037_combined,combined,id_number,DL-TM94647YE,DL-TM94647YE,1,1.0
id_card_0037_combined,combined,address,"69594 JOHNSON VILLAGE, HILLSHIRE, VI 90390","69594 JOHNSON VILLAGE, HILLSHIRE, VI 90390",1,1.0
id_card_0037_combined,combined,issue_date,2024-07-01,2024-07-01,1,1.0
id_card_0037_combined,combined,expiry_date,2032-06-29,2032-06-29,1,1.0
id_card_0037_glare,glare,name,VALERIE LOZANO,VALERIE LOZANO,1,1.0
id_card_0037_glare,glare,dob,1980-08-15,1980-08-15,1,1.0
id_card_0037_glare,glare,id_number,DL-TM94647YE,DL-TM94647YE,1,1.0
id_card_0037_glare,glare,address,"69594 JOHNSON VILLAGE, HILLSHIRE, VI 90390","69594 JOHNSON VILLAGE, HILLSHIRE, VI 90390",1,1.0
id_card_0037_glare,glare,issue_date,2024-07-01,2024-07-01,1,1.0
id_card_0037_glare,glare,expiry_date,2032-06-29,2032-06-29,1,1.0
id_card_0037_jpeg,jpeg,name,VALERIE LOZANO,VALERIE LOZANO,1,1.0
id_card_0037_jpeg,jpeg,dob,1980-08-15,1980-08-15,1,1.0
id_card_0037_jpeg,jpeg,id_number,DL-TM94647YE,DL-TM94647YE,1,1.0
id_card_0037_jpeg,jpeg,address,"69594 JOHNSON VILLAGE, HILLSHIRE, VI 90390","69594 JOHNSON VILLAGE, HILLSHIRE, VI 90390",1,1.0
id_card_0037_jpeg,jpeg,issue_date,2024-07-01,2024-07-01,1,1.0
id_card_0037_jpeg,jpeg,expiry_date,2032-06-29,2032-06-29,1,1.0
id_card_0037_rotation,rotation,name,VALERIE LOZANO,VALERIE LOZANO,1,1.0
id_card_0037_rotation,rotation,dob,1980-08-15,1980-08-15,1,1.0
id_card_0037_rotation,rotation,id_number,DL-TM94647YE,DL-TM94647YE,1,1.0
id_card_0037_rotation,rotation,address,"69594 JOHNSON VILLAGE, HILLSHIRE, VI 90390","69594 JOHNSON VILLAGE, HILLSHIRE, VI 90390",1,1.0
id_card_0037_rotation,rotation,issue_date,2024-07-01,2032-06-29,0,0.5
id_card_0037_rotation,rotation,expiry_date,2032-06-29,2032-06-29,1,1.0
id_card_0038_blur,blur,name,CURTIS BUCHANAN,CURTIS BUCHANAN,1,1.0
id_card_0038_blur,blur,dob,2001-04-09,2001-04-09,1,1.0
id_card_0038_blur,blur,id_number,DL-OM43953NQ,DL-OM43953NQ,1,1.0
id_card_0038_blur,blur,address,"104 JOHNSON LAKES, NORTH RENEE, MD 98474","104 JOHNSON LAKES, NORTH RENEE, MD 98474",1,1.0
id_card_0038_blur,blur,issue_date,2025-10-14,2025-10-14,1,1.0
id_card_0038_blur,blur,expiry_date,2031-10-13,2031-10-13,1,1.0
id_card_0038_combined,combined,name,CURTIS BUCHANAN,CURTIS BUCHANAN,1,1.0
id_card_0038_combined,combined,dob,2001-04-09,2001-04-09,1,1.0
id_card_0038_combined,combined,id_number,DL-OM43953NQ,DL-OM43953NQ,1,1.0
id_card_0038_combined,combined,address,"104 JOHNSON LAKES, NORTH RENEE, MD 98474","104 JOHNSON LAKES, NORTH RENEE, MD 98474",1,1.0
id_card_0038_combined,combined,issue_date,2025-10-14,2025-10-14,1,1.0
id_card_0038_combined,combined,expiry_date,2031-10-13,2031-10-13,1,1.0
id_card_0038_glare,glare,name,CURTIS BUCHANAN,CURTIS BUCHANAN,1,1.0
id_card_0038_glare,glare,dob,2001-04-09,2001-04-09,1,1.0
id_card_0038_glare,glare,id_number,DL-OM43953NQ,DL-OM43953NQ,1,1.0
id_card_0038_glare,glare,address,"104 JOHNSON LAKES, NORTH RENEE, MD 98474","104 JOHNSON LAKES, NORTH RENEE, MD 98474",1,1.0
id_card_0038_glare,glare,issue_date,2025-10-14,2025-10-14,1,1.0
id_card_0038_glare,glare,expiry_date,2031-10-13,2031-10-13,1,1.0
id_card_0038_jpeg,jpeg,name,CURTIS BUCHANAN,CURTIS BUCHANAN,1,1.0
id_card_0038_jpeg,jpeg,dob,2001-04-09,2001-04-09,1,1.0
id_card_0038_jpeg,jpeg,id_number,DL-OM43953NQ,DL-OM43953NQ,1,1.0
id_card_0038_jpeg,jpeg,address,"104 JOHNSON LAKES, NORTH RENEE, MD 98474","104 JOHNSON LAKES, NORTH RENEE, MD 98474",1,1.0
id_card_0038_jpeg,jpeg,issue_date,2025-10-14,2025-10-14,1,1.0
id_card_0038_jpeg,jpeg,expiry_date,2031-10-13,2031-10-13,1,1.0
id_card_0038_rotation,rotation,name,CURTIS BUCHANAN,CURTIS BUCHANAN,1,1.0
id_card_0038_rotation,rotation,dob,2001-04-09,2001-04-09,1,1.0
id_card_0038_rotation,rotation,id_number,DL-OM43953NQ,DL-OM43953NQ,1,1.0
id_card_0038_rotation,rotation,address,"104 JOHNSON LAKES, NORTH RENEE, MD 98474","104 JOHNSON LAKES, NORTH RENEE, MD 98474",1,1.0
id_card_0038_rotation,rotation,issue_date,2025-10-14,2031-10-13,0,0.7
id_card_0038_rotation,rotation,expiry_date,2031-10-13,2031-10-13,1,1.0
id_card_0039_blur,blur,name,DEBORAH JAMES,DEBORAH JAMES,1,1.0
id_card_0039_blur,blur,dob,1975-06-17,1975-06-17,1,1.0
id_card_0039_blur,blur,id_number,DL-ZS84247VV,DL-ZS84247VV,1,1.0
id_card_0039_blur,blur,address,"1236 DAVIS LOCKS, WEST AMANDAMOUTH, MN 88689","1236 DAVIS LOCKS, WESI AMANDAMOUTH, MN 88689",0,0.9773
id_card_0039_blur,blur,issue_date,2026-01-28,2026-01-28,1,1.0
id_card_0039_blur,blur,expiry_date,2031-01-27,2031-01-27,1,1.0
id_card_0039_combined,combined,name,DEBORAH JAMES,DEBORAH JAMES,1,1.0
id_card_0039_combined,combined,dob,1975-06-17,1975-06-17,1,1.0
id_card_0039_combined,combined,id_number,DL-ZS84247VV,DL-ZS84247VV,1,1.0
id_card_0039_combined,combined,address,"1236 DAVIS LOCKS, WEST AMANDAMOUTH, MN 88689","1236 DAVIS LOCKS, WEST AMANDAMOUTH, MN 88689",1,1.0
id_card_0039_combined,combined,issue_date,2026-01-28,2026-01-28,1,1.0
id_card_0039_combined,combined,expiry_date,2031-01-27,2031-01-27,1,1.0
id_card_0039_glare,glare,name,DEBORAH JAMES,DEBORAH JAMES,1,1.0
id_card_0039_glare,glare,dob,1975-06-17,1975-06-17,1,1.0
id_card_0039_glare,glare,id_number,DL-ZS84247VV,DL-ZS84247VV,1,1.0
id_card_0039_glare,glare,address,"1236 DAVIS LOCKS, WEST AMANDAMOUTH, MN 88689","1236 DAVIS LOCKS, WEST AMANDAMOUTH, MN 88689",1,1.0
id_card_0039_glare,glare,issue_date,2026-01-28,2026-01-28,1,1.0
id_card_0039_glare,glare,expiry_date,2031-01-27,2031-01-27,1,1.0
id_card_0039_jpeg,jpeg,name,DEBORAH JAMES,DEBORAH JAMES,1,1.0
id_card_0039_jpeg,jpeg,dob,1975-06-17,1975-06-17,1,1.0
id_card_0039_jpeg,jpeg,id_number,DL-ZS84247VV,DL-ZS84247VV,1,1.0
id_card_0039_jpeg,jpeg,address,"1236 DAVIS LOCKS, WEST AMANDAMOUTH, MN 88689","1236 DAVIS LOCKS, WEST AMANDAMOUTH, MN 88689",1,1.0
id_card_0039_jpeg,jpeg,issue_date,2026-01-28,2026-01-28,1,1.0
id_card_0039_jpeg,jpeg,expiry_date,2031-01-27,2031-01-27,1,1.0
id_card_0039_rotation,rotation,name,DEBORAH JAMES,DEBORAH JAMES,1,1.0
id_card_0039_rotation,rotation,dob,1975-06-17,1975-06-17,1,1.0
id_card_0039_rotation,rotation,id_number,DL-ZS84247VV,DL-ZS84247VV,1,1.0
id_card_0039_rotation,rotation,address,"1236 DAVIS LOCKS, WEST AMANDAMOUTH, MN 88689","1236 DAVIS LOCKS, WEST AMANDAMOUTH, MN 88689",1,1.0
id_card_0039_rotation,rotation,issue_date,2026-01-28,2031-01-27,0,0.7
id_card_0039_rotation,rotation,expiry_date,2031-01-27,2031-01-27,1,1.0
id_card_0040_blur,blur,name,BRANDY CHAVEZ,BRANDY CHAVEZ,1,1.0
id_card_0040_blur,blur,dob,1994-01-06,1994-01-06,1,1.0
id_card_0040_blur,blur,id_number,DL-JU13709NO,DL-JU13709NO,1,1.0
id_card_0040_blur,blur,address,"746 DONALD CAMP, WENDYVILLE, CT 31276","746 DONALD CAMP, WENDYVILLE, CT 31276",1,1.0
id_card_0040_blur,blur,issue_date,2024-09-20,2024-09-20,1,1.0
id_card_0040_blur,blur,expiry_date,2032-09-18,2032-09-18,1,1.0
id_card_0040_combined,combined,name,BRANDY CHAVEZ,BRANDY CHAVEZ,1,1.0
id_card_0040_combined,combined,dob,1994-01-06,1994-01-06,1,1.0
id_card_0040_combined,combined,id_number,DL-JU13709NO,DL-JU13709NO,1,1.0
id_card_0040_combined,combined,address,"746 DONALD CAMP, WENDYVILLE, CT 31276","746 DONALD CAMP, WENDYVILLE, CT 31276",1,1.0
id_card_0040_combined,combined,issue_date,2024-09-20,2024-09-20,1,1.0
id_card_0040_combined,combined,expiry_date,2032-09-18,2032-09-18,1,1.0
id_card_0040_glare,glare,name,BRANDY CHAVEZ,BRANDY CHAVEZ,1,1.0
id_card_0040_glare,glare,dob,1994-01-06,1994-01-06,1,1.0
id_card_0040_glare,glare,id_number,DL-JU13709NO,DL-JU13709NO,1,1.0
id_card_0040_glare,glare,address,"746 DONALD CAMP, WENDYVILLE, CT 31276","746 DONALD CAMP, WENDYVILLE, CT 31276",1,1.0
id_card_0040_glare,glare,issue_date,2024-09-20,2024-09-20,1,1.0
id_card_0040_glare,glare,expiry_date,2032-09-18,2032-09-18,1,1.0
id_card_0040_jpeg,jpeg,name,BRANDY CHAVEZ,BRANDY CHAVEZ,1,1.0
id_card_0040_jpeg,jpeg,dob,1994-01-06,1994-01-06,1,1.0
id_card_0040_jpeg,jpeg,id_number,DL-JU13709NO,DL-JU13709NO,1,1.0
id_card_0040_jpeg,jpeg,address,"746 DONALD CAMP, WENDYVILLE, CT 31276","746 DONALD CAMP, WENDYVILLE, CT 31276",1,1.0
id_card_0040_jpeg,jpeg,issue_date,2024-09-20,2024-09-20,1,1.0
id_card_0040_jpeg,jpeg,expiry_date,2032-09-18,2032-09-18,1,1.0
id_card_0040_rotation,rotation,name,BRANDY CHAVEZ,BRANDY CHAVEZ,1,1.0
id_card_0040_rotation,rotation,dob,1994-01-06,1994-01-06,1,1.0
id_card_0040_rotation,rotation,id_number,DL-JU13709NO,DL-JU13709NO,1,1.0
id_card_0040_rotation,rotation,address,"746 DONALD CAMP, WENDYVILLE, CT 31276","746 DONALD CAMP, WENDYVILLE, CT 31276",1,1.0
id_card_0040_rotation,rotation,issue_date,2024-09-20,2032-09-18,0,0.6
id_card_0040_rotation,rotation,expiry_date,2032-09-18,2032-09-18,1,1.0
id_card_0041_blur,blur,name,JAMES LOPEZ,JAMES LOPEZ,1,1.0
id_card_0041_blur,blur,dob,1996-03-10,1996-03-10,1,1.0
id_card_0041_blur,blur,id_number,DL-FN69261AR,DL-FN69261AR,1,1.0
id_card_0041_blur,blur,address,"537 SAMPSON WALK, CORYSTAD, ND 85019","537 SAMPSON WALK, CORYSIAD, ND 85019",0,0.9722
id_card_0041_blur,blur,issue_date,2026-02-26,2026-02-26,1,1.0
id_card_0041_blur,blur,expiry_date,2030-02-25,2030-02-25,1,1.0
id_card_0041_combined,combined,name,JAMES LOPEZ,JAMES LOPEZ,1,1.0
id_card_0041_combined,combined,dob,1996-03-10,1996-03-10,1,1.0
id_card_0041_combined,combined,id_number,DL-FN69261AR,DL-FN69261AR,1,1.0
id_card_0041_combined,combined,address,"537 SAMPSON WALK, CORYSTAD, ND 85019","537 SAMPSON WALK, CORYSTAD, ND 85019",1,1.0
id_card_0041_combined,combined,issue_date,2026-02-26,2026-02-26,1,1.0
id_card_0041_combined,combined,expiry_date,2030-02-25,2030-02-25,1,1.0
id_card_0041_glare,glare,name,JAMES LOPEZ,JAMES LOPEZ,1,1.0
id_card_0041_glare,glare,dob,1996-03-10,1996-03-10,1,1.0
id_card_0041_glare,glare,id_number,DL-FN69261AR,DL-FN69261AR,1,1.0
id_card_0041_glare,glare,address,"537 SAMPSON WALK, CORYSTAD, ND 85019","537 SAMPSON WALK, CORYSTAD, ND 85019",1,1.0
id_card_0041_glare,glare,issue_date,2026-02-26,2026-02-26,1,1.0
id_card_0041_glare,glare,expiry_date,2030-02-25,2030-02-25,1,1.0
id_card_0041_jpeg,jpeg,name,JAMES LOPEZ,JAMES LOPEZ,1,1.0
id_card_0041_jpeg,jpeg,dob,1996-03-10,1996-03-10,1,1.0
id_card_0041_jpeg,jpeg,id_number,DL-FN69261AR,DL-FN69261AR,1,1.0
id_card_0041_jpeg,jpeg,address,"537 SAMPSON WALK, CORYSTAD, ND 85019","537 SAMPSON WALK, CORYSTAD, ND 85019",1,1.0
id_card_0041_jpeg,jpeg,issue_date,2026-02-26,2026-02-26,1,1.0
id_card_0041_jpeg,jpeg,expiry_date,2030-02-25,2030-02-25,1,1.0
id_card_0041_rotation,rotation,name,JAMES LOPEZ,JAMES LOPEZ,1,1.0
id_card_0041_rotation,rotation,dob,1996-03-10,1996-03-10,1,1.0
id_card_0041_rotation,rotation,id_number,DL-FN69261AR,DL-FN69261AR,1,1.0
id_card_0041_rotation,rotation,address,"537 SAMPSON WALK, CORYSTAD, ND 85019","537 SAMPSON WALK, CORYSTAD, ND 85019",1,1.0
id_card_0041_rotation,rotation,issue_date,2026-02-26,2030-02-25,0,0.7
id_card_0041_rotation,rotation,expiry_date,2030-02-25,2030-02-25,1,1.0
id_card_0042_blur,blur,name,CHRISTOPHER GUERRERO,CHRISTOPHER GUERRERO,1,1.0
id_card_0042_blur,blur,dob,1958-11-16,1958-11-16,1,1.0
id_card_0042_blur,blur,id_number,DL-YV13900PI,DL-YV13900PI,1,1.0
id_card_0042_blur,blur,address,"83933 SCHROEDER TURNPIKE, WEST MICHELEBERG, DC 71308","83933 SCHROEDER TURNPIKE, WESI MICHELEBERG, DC 71308",0,0.9808
id_card_0042_blur,blur,issue_date,2025-06-05,2025-06-05,1,1.0
id_card_0042_blur,blur,expiry_date,2029-06-04,2029-06-04,1,1.0
id_card_0042_combined,combined,name,CHRISTOPHER GUERRERO,CHRISTOPHER GUERRERO,1,1.0
id_card_0042_combined,combined,dob,1958-11-16,1958-11-16,1,1.0
id_card_0042_combined,combined,id_number,DL-YV13900PI,DL-YV13900PI,1,1.0
id_card_0042_combined,combined,address,"83933 SCHROEDER TURNPIKE, WEST MICHELEBERG, DC 71308","83933 SCHROEDER TURNPIKE, WEST MICHELEBERG, DC 71308",1,1.0
id_card_0042_combined,combined,issue_date,2025-06-05,2025-06-05,1,1.0
id_card_0042_combined,combined,expiry_date,2029-06-04,2029-06-04,1,1.0
id_card_0042_glare,glare,name,CHRISTOPHER GUERRERO,CHRISTOPHER GUERRERO,1,1.0
id_card_0042_glare,glare,dob,1958-11-16,1958-11-16,1,1.0
id_card_0042_glare,glare,id_number,DL-YV13900PI,DL-YV13900PI,1,1.0
id_card_0042_glare,glare,address,"83933 SCHROEDER TURNPIKE, WEST MICHELEBERG, DC 71308","83933 SCHROEDER TURNPIKE, WEST MICHELEBERG, DC 71308",1,1.0
id_card_0042_glare,glare,issue_date,2025-06-05,2025-06-05,1,1.0
id_card_0042_glare,glare,expiry_date,2029-06-04,2029-06-04,1,1.0
id_card_0042_jpeg,jpeg,name,CHRISTOPHER GUERRERO,CHRISTOPHER GUERRERO,1,1.0
id_card_0042_jpeg,jpeg,dob,1958-11-16,1958-11-16,1,1.0
id_card_0042_jpeg,jpeg,id_number,DL-YV13900PI,DL-YV13900PI,1,1.0
id_card_0042_jpeg,jpeg,address,"83933 SCHROEDER TURNPIKE, WEST MICHELEBERG, DC 71308","83933 SCHROEDER TURNPIKE, WEST MICHELEBERG, DC 71308",1,1.0
id_card_0042_jpeg,jpeg,issue_date,2025-06-05,2025-06-05,1,1.0
id_card_0042_jpeg,jpeg,expiry_date,2029-06-04,2029-06-04,1,1.0
id_card_0042_rotation,rotation,name,CHRISTOPHER GUERRERO,CHRISTOPHER GUERRERO,1,1.0
id_card_0042_rotation,rotation,dob,1958-11-16,1958-11-16,1,1.0
id_card_0042_rotation,rotation,id_number,DL-YV13900PI,DL-YV13900PI,1,1.0
id_card_0042_rotation,rotation,address,"83933 SCHROEDER TURNPIKE, WEST MICHELEBERG, DC 71308","83933 SCHROEDER TURNPIKE, WEST MICHELEBERG, DC 71308",1,1.0
id_card_0042_rotation,rotation,issue_date,2025-06-05,2029-06-04,0,0.8
id_card_0042_rotation,rotation,expiry_date,2029-06-04,2029-06-04,1,1.0
id_card_0043_blur,blur,name,LUIS ACOSTA,LUIS ACOSTA,1,1.0
id_card_0043_blur,blur,dob,1952-04-25,1952-04-25,1,1.0
id_card_0043_blur,blur,id_number,DL-BL05395QD,DL-BL05395QD,1,1.0
id_card_0043_blur,blur,address,"681 THOMAS TUNNEL, WILLIAMVILLE, NV 66540","681 THOMAS TUNNEL, WILLIAMVILLE, NV 66540",1,1.0
id_card_0043_blur,blur,issue_date,2022-09-06,2022-09-06,1,1.0
id_card_0043_blur,blur,expiry_date,2028-09-04,2028-09-04,1,1.0
id_card_0043_combined,combined,name,LUIS ACOSTA,LUIS ACOSTA,1,1.0
id_card_0043_combined,combined,dob,1952-04-25,1952-04-25,1,1.0
id_card_0043_combined,combined,id_number,DL-BL05395QD,DL-BL05395QD,1,1.0
id_card_0043_combined,combined,address,"681 THOMAS TUNNEL, WILLIAMVILLE, NV 66540","681 THOMAS TUNNEL, WILLIAMVILLE, NV 66540",1,1.0
id_card_0043_combined,combined,issue_date,2022-09-06,2022-09-06,1,1.0
id_card_0043_combined,combined,expiry_date,2028-09-04,2028-09-04,1,1.0
id_card_0043_glare,glare,name,LUIS ACOSTA,LUIS ACOSTA,1,1.0
id_card_0043_glare,glare,dob,1952-04-25,1952-04-25,1,1.0
id_card_0043_glare,glare,id_number,DL-BL05395QD,DL-BL05395QD,1,1.0
id_card_0043_glare,glare,address,"681 THOMAS TUNNEL, WILLIAMVILLE, NV 66540","681 THOMAS TUNNEL, WILLIAMVILLE, NV 66540",1,1.0
id_card_0043_glare,glare,issue_date,2022-09-06,2022-09-06,1,1.0
id_card_0043_glare,glare,expiry_date,2028-09-04,2028-09-04,1,1.0
id_card_0043_jpeg,jpeg,name,LUIS ACOSTA,LUIS ACOSTA,1,1.0
id_card_0043_jpeg,jpeg,dob,1952-04-25,1952-04-25,1,1.0
id_card_0043_jpeg,jpeg,id_number,DL-BL05395QD,DL-8L05395QD,0,0.9167
id_card_0043_jpeg,jpeg,address,"681 THOMAS TUNNEL, WILLIAMVILLE, NV 66540","681 THOMAS TUNNEL, WILLIAMVILLE, NV 66540",1,1.0
id_card_0043_jpeg,jpeg,issue_date,2022-09-06,2022-09-06,1,1.0
id_card_0043_jpeg,jpeg,expiry_date,2028-09-04,2028-09-04,1,1.0
id_card_0043_rotation,rotation,name,LUIS ACOSTA,LUIS ACOSTA,1,1.0
id_card_0043_rotation,rotation,dob,1952-04-25,1952-04-25,1,1.0
id_card_0043_rotation,rotation,id_number,DL-BL05395QD,DL-BL05395QD,1,1.0
id_card_0043_rotation,rotation,address,"681 THOMAS TUNNEL, WILLIAMVILLE, NV 66540","681 THOMAS TUNNEL, WILLIAMVILLE, NV 66540",1,1.0
id_card_0043_rotation,rotation,issue_date,2022-09-06,2028-09-04,0,0.8
id_card_0043_rotation,rotation,expiry_date,2028-09-04,2028-09-04,1,1.0
id_card_0044_blur,blur,name,JESSICA MCGUIRE,JESSICA MCGUIRE,1,1.0
id_card_0044_blur,blur,dob,1995-05-27,1995-05-27,1,1.0
id_card_0044_blur,blur,id_number,DL-ZB47007RG,DL-ZB47007RG,1,1.0
id_card_0044_blur,blur,address,"711 FRANKLIN CIRCLES APT. 499, OSCARHAVEN, LA 59970","711 FRANKLIN CIRCLES APT. 499, OSCARHAVEN, LA 59970",1,1.0
id_card_0044_blur,blur,issue_date,2025-12-30,2025-12-30,1,1.0
id_card_0044_blur,blur,expiry_date,2033-12-28,2033-12-28,1,1.0
id_card_0044_combined,combined,name,JESSICA MCGUIRE,JESSICA MCGUIRE,1,1.0
id_card_0044_combined,combined,dob,1995-05-27,1995-05-27,1,1.0
id_card_0044_combined,combined,id_number,DL-ZB47007RG,DL-ZB47007RG,1,1.0
id_card_0044_combined,combined,address,"711 FRANKLIN CIRCLES APT. 499, OSCARHAVEN, LA 59970","711 FRANKLIN CIRCLES APT. 499, OSCARHAVEN, LA 59970",1,1.0
id_card_0044_combined,combined,issue_date,2025-12-30,2025-12-30,1,1.0
id_card_0044_combined,combined,expiry_date,2033-12-28,2033-12-28,1,1.0
id_card_0044_glare,glare,name,JESSICA MCGUIRE,JESSICA MCGUIRE,1,1.0
id_card_0044_glare,glare,dob,1995-05-27,1995-05-27,1,1.0
id_card_0044_glare,glare,id_number,DL-ZB47007RG,DL-ZB47007RG,1,1.0
id_card_0044_glare,glare,address,"711 FRANKLIN CIRCLES APT. 499, OSCARHAVEN, LA 59970","711 FRANKLIN CIRCLES APT. 499, OSCARHAVEN, LA 59970",1,1.0
id_card_0044_glare,glare,issue_date,2025-12-30,2025-12-30,1,1.0
id_card_0044_glare,glare,expiry_date,2033-12-28,2033-12-28,1,1.0
id_card_0044_jpeg,jpeg,name,JESSICA MCGUIRE,JESSICA MCGUIRE,1,1.0
id_card_0044_jpeg,jpeg,dob,1995-05-27,1995-05-27,1,1.0
id_card_0044_jpeg,jpeg,id_number,DL-ZB47007RG,DL-Z847007RG,0,0.9167
id_card_0044_jpeg,jpeg,address,"711 FRANKLIN CIRCLES APT. 499, OSCARHAVEN, LA 59970","711 FRANKLIN CIRCLES APT. 499, OSCARHAVEN, LA 59970",1,1.0
id_card_0044_jpeg,jpeg,issue_date,2025-12-30,2025-12-30,1,1.0
id_card_0044_jpeg,jpeg,expiry_date,2033-12-28,2033-12-28,1,1.0
id_card_0044_rotation,rotation,name,JESSICA MCGUIRE,JESSICA MCGUIRE,1,1.0
id_card_0044_rotation,rotation,dob,1995-05-27,1995-05-27,1,1.0
id_card_0044_rotation,rotation,id_number,DL-ZB47007RG,DL-ZB47007RG,1,1.0
id_card_0044_rotation,rotation,address,"711 FRANKLIN CIRCLES APT. 499, OSCARHAVEN, LA 59970","711 FRANKLIN CIRCLES APT. 499, OSCARHAVEN, LA 59970",1,1.0
id_card_0044_rotation,rotation,issue_date,2025-12-30,2033-12-28,0,0.6
id_card_0044_rotation,rotation,expiry_date,2033-12-28,2033-12-28,1,1.0
id_card_0045_blur,blur,name,JACQUELINE ANDERSON,JACQUELINE ANDERSON,1,1.0
id_card_0045_blur,blur,dob,1958-05-07,1958-05-07,1,1.0
id_card_0045_blur,blur,id_number,DL-VD36736ZA,DL-VD36736ZA,1,1.0
id_card_0045_blur,blur,address,"6545 GLORIA MOUNTAINS, NORTH MARIELAND, NE 13157","6545 GLORIA MOUNTAINS, NORTH MARIELAND, NE 13157",1,1.0
id_card_0045_blur,blur,issue_date,2026-04-01,2026-04-01,1,1.0
id_card_0045_blur,blur,expiry_date,2033-03-30,2033-03-30,1,1.0
id_card_0045_combined,combined,name,JACQUELINE ANDERSON,JACQUELINE ANDERSON,1,1.0
id_card_0045_combined,combined,dob,1958-05-07,1958-05-07,1,1.0
id_card_0045_combined,combined,id_number,DL-VD36736ZA,DL-VD36736ZA,1,1.0
id_card_0045_combined,combined,address,"6545 GLORIA MOUNTAINS, NORTH MARIELAND, NE 13157","6545 GLORIA MOUNTAINS, NORTH MARIELAND, NE 13157",1,1.0
id_card_0045_combined,combined,issue_date,2026-04-01,2026-04-01,1,1.0
id_card_0045_combined,combined,expiry_date,2033-03-30,2033-03-30,1,1.0
id_card_0045_glare,glare,name,JACQUELINE ANDERSON,JACQUELINE ANDERSON,1,1.0
id_card_0045_glare,glare,dob,1958-05-07,1958-05-07,1,1.0
id_card_0045_glare,glare,id_number,DL-VD36736ZA,DL-VD36736ZA,1,1.0
id_card_0045_glare,glare,address,"6545 GLORIA MOUNTAINS, NORTH MARIELAND, NE 13157","6545 GLORIA MOUNTAINS, NORTH MARIELAND, NE 13157",1,1.0
id_card_0045_glare,glare,issue_date,2026-04-01,2026-04-01,1,1.0
id_card_0045_glare,glare,expiry_date,2033-03-30,2033-03-30,1,1.0
id_card_0045_jpeg,jpeg,name,JACQUELINE ANDERSON,JACQUELINE ANDERSON,1,1.0
id_card_0045_jpeg,jpeg,dob,1958-05-07,1958-05-07,1,1.0
id_card_0045_jpeg,jpeg,id_number,DL-VD36736ZA,DL-VD36736ZA,1,1.0
id_card_0045_jpeg,jpeg,address,"6545 GLORIA MOUNTAINS, NORTH MARIELAND, NE 13157","6545 GLORIA MOUNTAINS, NORTH MARIELAND, NE 13157",1,1.0
id_card_0045_jpeg,jpeg,issue_date,2026-04-01,2026-04-01,1,1.0
id_card_0045_jpeg,jpeg,expiry_date,2033-03-30,2033-03-30,1,1.0
id_card_0045_rotation,rotation,name,JACQUELINE ANDERSON,JACQUELINE ANDERSON,1,1.0
id_card_0045_rotation,rotation,dob,1958-05-07,1958-05-07,1,1.0
id_card_0045_rotation,rotation,id_number,DL-VD36736ZA,DL-VD36736ZA,1,1.0
id_card_0045_rotation,rotation,address,"6545 GLORIA MOUNTAINS, NORTH MARIELAND, NE 13157","6545 GLORIA MOUNTAINS, NORTH MARIELAND, NE 13157",1,1.0
id_card_0045_rotation,rotation,issue_date,2026-04-01,2033-03-30,0,0.5
id_card_0045_rotation,rotation,expiry_date,2033-03-30,2033-03-30,1,1.0
id_card_0046_blur,blur,name,PHILLIP ANDREWS,PHILLIP ANDREWS,1,1.0
id_card_0046_blur,blur,dob,1954-08-23,1954-08-23,1,1.0
id_card_0046_blur,blur,id_number,DL-WQ88516WB,DL-WQ88516WB,1,1.0
id_card_0046_blur,blur,address,"9451 ERIC ORCHARD, PORT DANIEL, PR 73411","9451 ERIC ORCHARD, PORT DANIEL, PR 73411",1,1.0
id_card_0046_blur,blur,issue_date,2026-07-20,2026-07-20,1,1.0
id_card_0046_blur,blur,expiry_date,2032-07-18,2032-07-18,1,1.0
id_card_0046_combined,combined,name,PHILLIP ANDREWS,PHILLIP ANDREWS,1,1.0
id_card_0046_combined,combined,dob,1954-08-23,1954-08-23,1,1.0
id_card_0046_combined,combined,id_number,DL-WQ88516WB,DL-WQ88516WB,1,1.0
id_card_0046_combined,combined,address,"9451 ERIC ORCHARD, PORT DANIEL, PR 73411","9451 ERIC ORCHARD, PORT DANIEL, PR 73411",1,1.0
id_card_0046_combined,combined,issue_date,2026-07-20,2026-07-20,1,1.0
id_card_0046_combined,combined,expiry_date,2032-07-18,2032-07-18,1,1.0
id_card_0046_glare,glare,name,PHILLIP ANDREWS,PHILLIP ANDREWS,1,1.0
id_card_0046_glare,glare,dob,1954-08-23,1954-08-23,1,1.0
id_card_0046_glare,glare,id_number,DL-WQ88516WB,DL-WQ88516WB,1,1.0
id_card_0046_glare,glare,address,"9451 ERIC ORCHARD, PORT DANIEL, PR 73411","9451 ERIC ORCHARD, PORT DANIEL, PR 73411",1,1.0
id_card_0046_glare,glare,issue_date,2026-07-20,2026-07-20,1,1.0
id_card_0046_glare,glare,expiry_date,2032-07-18,2032-07-18,1,1.0
id_card_0046_jpeg,jpeg,name,PHILLIP ANDREWS,PHILLIP ANDREWS,1,1.0
id_card_0046_jpeg,jpeg,dob,1954-08-23,1954-08-23,1,1.0
id_card_0046_jpeg,jpeg,id_number,DL-WQ88516WB,DL-WQ88516W8,0,0.9167
id_card_0046_jpeg,jpeg,address,"9451 ERIC ORCHARD, PORT DANIEL, PR 73411","9451 ERIC ORCHARD, PORT DANIEL, PR 73411",1,1.0
id_card_0046_jpeg,jpeg,issue_date,2026-07-20,2026-07-20,1,1.0
id_card_0046_jpeg,jpeg,expiry_date,2032-07-18,2032-07-18,1,1.0
id_card_0046_rotation,rotation,name,PHILLIP ANDREWS,PHILLIP ANDREWS,1,1.0
id_card_0046_rotation,rotation,dob,1954-08-23,1954-08-23,1,1.0
id_card_0046_rotation,rotation,id_number,DL-WQ88516WB,DL-WQ88516WB,1,1.0
id_card_0046_rotation,rotation,address,"9451 ERIC ORCHARD, PORT DANIEL, PR 73411","9451 ERIC ORCHARD, PORT DANIEL, PR 73411",1,1.0
id_card_0046_rotation,rotation,issue_date,2026-07-20,2032-07-18,0,0.6
id_card_0046_rotation,rotation,expiry_date,2032-07-18,2032-07-18,1,1.0
id_card_0047_blur,blur,name,JAMIE CHAVEZ,JAMIE CHAVEZ,1,1.0
id_card_0047_blur,blur,dob,2005-06-29,2005-06-29,1,1.0
id_card_0047_blur,blur,id_number,DL-MQ89980SR,DL-MQ89980SR,1,1.0
id_card_0047_blur,blur,address,"44550 MOLLY PORT, JONESTOWN, CO 98295","44550 MOLLY PORT, JONESIOWN, CO 98295",0,0.973
id_card_0047_blur,blur,issue_date,2025-03-18,2025-03-18,1,1.0
id_card_0047_blur,blur,expiry_date,2029-03-17,2029-03-17,1,1.0
id_card_0047_combined,combined,name,JAMIE CHAVEZ,JAMIE CHAVEZ,1,1.0
id_card_0047_combined,combined,dob,2005-06-29,2005-06-29,1,1.0
id_card_0047_combined,combined,id_number,DL-MQ89980SR,DL-MQ89980SR,1,1.0
id_card_0047_combined,combined,address,"44550 MOLLY PORT, JONESTOWN, CO 98295","44550 MOLLY PORT, JONESTOWN, CO 98295",1,1.0
id_card_0047_combined,combined,issue_date,2025-03-18,2025-03-18,1,1.0
id_card_0047_combined,combined,expiry_date,2029-03-17,2029-03-17,1,1.0
id_card_0047_glare,glare,name,JAMIE CHAVEZ,JAMIE CHAVEZ,1,1.0
id_card_0047_glare,glare,dob,2005-06-29,2005-06-29,1,1.0
id_card_0047_glare,glare,id_number,DL-MQ89980SR,DL-MQ89980SR,1,1.0
id_card_0047_glare,glare,address,"44550 MOLLY PORT, JONESTOWN, CO 98295","44550 MOLLY PORT, JONESTOWN, CO 98295",1,1.0
id_card_0047_glare,glare,issue_date,2025-03-18,2025-03-18,1,1.0
id_card_0047_glare,glare,expiry_date,2029-03-17,2029-03-17,1,1.0
id_card_0047_jpeg,jpeg,name,JAMIE CHAVEZ,JAMIE CHAVEZ,1,1.0
id_card_0047_jpeg,jpeg,dob,2005-06-29,2005-06-29,1,1.0
id_card_0047_jpeg,jpeg,id_number,DL-MQ89980SR,DL-MQ89980SR,1,1.0
id_card_0047_jpeg,jpeg,address,"44550 MOLLY PORT, JONESTOWN, CO 98295","44550 MOLLY PORT, JONESTOWN, CO 98295",1,1.0
id_card_0047_jpeg,jpeg,issue_date,2025-03-18,2025-03-18,1,1.0
id_card_0047_jpeg,jpeg,expiry_date,2029-03-17,2029-03-17,1,1.0
id_card_0047_rotation,rotation,name,JAMIE CHAVEZ,JAMIE CHAVEZ,1,1.0
id_card_0047_rotation,rotation,dob,2005-06-29,2005-06-29,1,1.0
id_card_0047_rotation,rotation,id_number,DL-MQ89980SR,DL-MQ89980SR,1,1.0
id_card_0047_rotation,rotation,address,"44550 MOLLY PORT, JONESTOWN, CO 98295","44550 MOLLY PORT, JONESTOWN, CO 98295",1,1.0
id_card_0047_rotation,rotation,issue_date,2025-03-18,2029-03-17,0,0.8
id_card_0047_rotation,rotation,expiry_date,2029-03-17,2029-03-17,1,1.0
id_card_0048_blur,blur,name,DOUGLAS GREGORY,DOUGLAS GREGORY,1,1.0
id_card_0048_blur,blur,dob,1961-04-10,1961-04-10,1,1.0
id_card_0048_blur,blur,id_number,DL-DJ45991KW,DL-DJ45991KW,1,1.0
id_card_0048_blur,blur,address,"147 TUCKER MILLS, NELSONHAVEN, DE 45743","147 TUCKER MILLS, NELSONHAVEN, DE 45743",1,1.0
id_card_0048_blur,blur,issue_date,2024-09-15,2024-09-15,1,1.0
id_card_0048_blur,blur,expiry_date,2029-09-14,2029-09-14,1,1.0
id_card_0048_combined,combined,name,DOUGLAS GREGORY,DOUGLAS GREGORY,1,1.0
id_card_0048_combined,combined,dob,1961-04-10,1961-04-10,1,1.0
id_card_0048_combined,combined,id_number,DL-DJ45991KW,DL-DJ45991KW,1,1.0
id_card_0048_combined,combined,address,"147 TUCKER MILLS, NELSONHAVEN, DE 45743","147 TUCKER MILLS, NELSONHAVEN, DE 45743",1,1.0
id_card_0048_combined,combined,issue_date,2024-09-15,2024-09-15,1,1.0
id_card_0048_combined,combined,expiry_date,2029-09-14,2029-09-14,1,1.0
id_card_0048_glare,glare,name,DOUGLAS GREGORY,DOUGLAS GREGORY,1,1.0
id_card_0048_glare,glare,dob,1961-04-10,1961-04-10,1,1.0
id_card_0048_glare,glare,id_number,DL-DJ45991KW,DL-DJ45991KW,1,1.0
id_card_0048_glare,glare,address,"147 TUCKER MILLS, NELSONHAVEN, DE 45743","147 TUCKER MILLS, NELSONHAVEN, DE 45743",1,1.0
id_card_0048_glare,glare,issue_date,2024-09-15,2024-09-15,1,1.0
id_card_0048_glare,glare,expiry_date,2029-09-14,2029-09-14,1,1.0
id_card_0048_jpeg,jpeg,name,DOUGLAS GREGORY,DOUGLAS GREGORY,1,1.0
id_card_0048_jpeg,jpeg,dob,1961-04-10,1961-04-10,1,1.0
id_card_0048_jpeg,jpeg,id_number,DL-DJ45991KW,DL-DJ45991KW,1,1.0
id_card_0048_jpeg,jpeg,address,"147 TUCKER MILLS, NELSONHAVEN, DE 45743","147 TUCKER MILLS, NELSONHAVEN, DE 45743",1,1.0
id_card_0048_jpeg,jpeg,issue_date,2024-09-15,2024-09-15,1,1.0
id_card_0048_jpeg,jpeg,expiry_date,2029-09-14,2029-09-14,1,1.0
id_card_0048_rotation,rotation,name,DOUGLAS GREGORY,DOUGLAS GREGORY,1,1.0
id_card_0048_rotation,rotation,dob,1961-04-10,1961-04-10,1,1.0
id_card_0048_rotation,rotation,id_number,DL-DJ45991KW,DL-DJ45991KW,1,1.0
id_card_0048_rotation,rotation,address,"147 TUCKER MILLS, NELSONHAVEN, DE 45743","147 TUCKER MILLS, NELSONHAVEN, DE 45743",1,1.0
id_card_0048_rotation,rotation,issue_date,2024-09-15,2029-09-14,0,0.8
id_card_0048_rotation,rotation,expiry_date,2029-09-14,2029-09-14,1,1.0
id_card_0049_blur,blur,name,MARY GOMEZ,MARY GOMEZ,1,1.0
id_card_0049_blur,blur,dob,1983-09-05,1983-09-05,1,1.0
id_card_0049_blur,blur,id_number,DL-DA40369NT,DL-DA40369NT,1,1.0
id_card_0049_blur,blur,address,"44510 BURGESS EXTENSIONS, SOUTH AMANDA, IN 66071","44510 BURGESS EXTENSIONS, SOUTH AMANDA, IN 66071",1,1.0
id_card_0049_blur,blur,issue_date,2026-01-16,2026-01-16,1,1.0
id_card_0049_blur,blur,expiry_date,2031-01-15,2031-01-15,1,1.0
id_card_0049_combined,combined,name,MARY GOMEZ,MARY GOMEZ,1,1.0
id_card_0049_combined,combined,dob,1983-09-05,1983-09-05,1,1.0
id_card_0049_combined,combined,id_number,DL-DA40369NT,DL-DA40369NT,1,1.0
id_card_0049_combined,combined,address,"44510 BURGESS EXTENSIONS, SOUTH AMANDA, IN 66071","44510 BURGESS EXTENSIONS, SOUTH AMANDA, IN 66071",1,1.0
id_card_0049_combined,combined,issue_date,2026-01-16,2026-01-16,1,1.0
id_card_0049_combined,combined,expiry_date,2031-01-15,2031-01-15,1,1.0
id_card_0049_glare,glare,name,MARY GOMEZ,MARY GOMEZ,1,1.0
id_card_0049_glare,glare,dob,1983-09-05,1983-09-05,1,1.0
id_card_0049_glare,glare,id_number,DL-DA40369NT,DL-DA40369NT,1,1.0
id_card_0049_glare,glare,address,"44510 BURGESS EXTENSIONS, SOUTH AMANDA, IN 66071","44510 BURGESS EXTENSIONS, SOUTH AMANDA, IN 66071",1,1.0
id_card_0049_glare,glare,issue_date,2026-01-16,2026-01-16,1,1.0
id_card_0049_glare,glare,expiry_date,2031-01-15,2031-01-15,1,1.0
id_card_0049_jpeg,jpeg,name,MARY GOMEZ,MARY GOMEZ,1,1.0
id_card_0049_jpeg,jpeg,dob,1983-09-05,1983-09-05,1,1.0
id_card_0049_jpeg,jpeg,id_number,DL-DA40369NT,DL-DA40369NT,1,1.0
id_card_0049_jpeg,jpeg,address,"44510 BURGESS EXTENSIONS, SOUTH AMANDA, IN 66071","44510 BURGESS EXTENSIONS, SOUTH AMANDA, IN 66071",1,1.0
id_card_0049_jpeg,jpeg,issue_date,2026-01-16,2026-01-16,1,1.0
id_card_0049_jpeg,jpeg,expiry_date,2031-01-15,2031-01-15,1,1.0
id_card_0049_rotation,rotation,name,MARY GOMEZ,MARY GOMEZ,1,1.0
id_card_0049_rotation,rotation,dob,1983-09-05,1983-09-05,1,1.0
id_card_0049_rotation,rotation,id_number,DL-DA40369NT,DL-DA40369NT,1,1.0
id_card_0049_rotation,rotation,address,"44510 BURGESS EXTENSIONS, SOUTH AMANDA, IN 66071","44510 BURGESS EXTENSIONS, SOUTH AMANDA, IN 66071",1,1.0
id_card_0049_rotation,rotation,issue_date,2026-01-16,2031-01-15,0,0.7
id_card_0049_rotation,rotation,expiry_date,2031-01-15,2031-01-15,1,1.0
id_card_0050_blur,blur,name,ERIC MORGAN,ERIC MORGAN,1,1.0
id_card_0050_blur,blur,dob,1977-08-01,1977-08-01,1,1.0
id_card_0050_blur,blur,id_number,DL-KB60715KZ,DL-KB60715KZ,1,1.0
id_card_0050_blur,blur,address,"1605 LAURIE RIVER SUITE 516, EAST RYANFURT, NC 10809","1605 LAURIE RIVER SUITE 516, EASI RYANFURT, NC 10809",0,0.9808
id_card_0050_blur,blur,issue_date,2021-12-02,2021-12-02,1,1.0
id_card_0050_blur,blur,expiry_date,2026-12-01,2026-12-01,1,1.0
id_card_0050_combined,combined,name,ERIC MORGAN,ERIC MORGAN,1,1.0
id_card_0050_combined,combined,dob,1977-08-01,1977-08-01,1,1.0
id_card_0050_combined,combined,id_number,DL-KB60715KZ,DL-KB60715KZ,1,1.0
id_card_0050_combined,combined,address,"1605 LAURIE RIVER SUITE 516, EAST RYANFURT, NC 10809","1605 LAURIE RIVER SUITE 516, EAST RYANFURT, NC 10809",1,1.0
id_card_0050_combined,combined,issue_date,2021-12-02,2021-12-02,1,1.0
id_card_0050_combined,combined,expiry_date,2026-12-01,2026-12-01,1,1.0
id_card_0050_glare,glare,name,ERIC MORGAN,ERIC MORGAN,1,1.0
id_card_0050_glare,glare,dob,1977-08-01,1977-08-01,1,1.0
id_card_0050_glare,glare,id_number,DL-KB60715KZ,DL-KB60715KZ,1,1.0
id_card_0050_glare,glare,address,"1605 LAURIE RIVER SUITE 516, EAST RYANFURT, NC 10809","1605 LAURIE RIVER SUITE 516, EAST RYANFURT, NC 10809",1,1.0
id_card_0050_glare,glare,issue_date,2021-12-02,2021-12-02,1,1.0
id_card_0050_glare,glare,expiry_date,2026-12-01,2026-12-01,1,1.0
id_card_0050_jpeg,jpeg,name,ERIC MORGAN,ERIC MORGAN,1,1.0
id_card_0050_jpeg,jpeg,dob,1977-08-01,1977-08-01,1,1.0
id_card_0050_jpeg,jpeg,id_number,DL-KB60715KZ,DL-K860715KZ,0,0.9167
id_card_0050_jpeg,jpeg,address,"1605 LAURIE RIVER SUITE 516, EAST RYANFURT, NC 10809","1605 LAURIE RIVER SUITE 516, EAST RYANFURT, NC 10809",1,1.0
id_card_0050_jpeg,jpeg,issue_date,2021-12-02,2021-12-02,1,1.0
id_card_0050_jpeg,jpeg,expiry_date,2026-12-01,2026-12-01,1,1.0
id_card_0050_rotation,rotation,name,ERIC MORGAN,ERIC MORGAN,1,1.0
id_card_0050_rotation,rotation,dob,1977-08-01,1977-08-01,1,1.0
id_card_0050_rotation,rotation,id_number,DL-KB60715KZ,DL-KB60715KZ,1,1.0
id_card_0050_rotation,rotation,address,"1605 LAURIE RIVER SUITE 516, EAST RYANFURT, NC 10809","1605 LAURIE RIVER SUITE 516, EAST RYANFURT, NC 10809",1,1.0
id_card_0050_rotation,rotation,issue_date,2021-12-02,2026-12-01,0,0.8
id_card_0050_rotation,rotation,expiry_date,2026-12-01,2026-12-01,1,1.0
id_card_0051_blur,blur,name,LAUREN MALDONADO,LAUREN MALDONADO,1,1.0
id_card_0051_blur,blur,dob,1973-03-24,1973-03-24,1,1.0
id_card_0051_blur,blur,id_number,DL-MX18188WW,DL-MX18188WW,1,1.0
id_card_0051_blur,blur,address,"12432 KATHLEEN SHOAL, EAST STEPHANIEFORT, NH 99387","12432 KATHLEEN SHOAL, EASI SIEPHANIEFORT, NH 99387",0,0.96
id_card_0051_blur,blur,issue_date,2022-12-28,2022-12-28,1,1.0
id_card_0051_blur,blur,expiry_date,2026-12-27,2026-12-27,1,1.0
id_card_0051_combined,combined,name,LAUREN MALDONADO,LAUREN MALDONADO,1,1.0
id_card_0051_combined,combined,dob,1973-03-24,1973-03-24,1,1.0
id_card_0051_combined,combined,id_number,DL-MX18188WW,DL-MX18188WW,1,1.0
id_card_0051_combined,combined,address,"12432 KATHLEEN SHOAL, EAST STEPHANIEFORT, NH 99387","12432 KATHLEEN SHOAL, EAST STEPHANIEFORT, NH 99387",1,1.0
id_card_0051_combined,combined,issue_date,2022-12-28,2022-12-28,1,1.0
id_card_0051_combined,combined,expiry_date,2026-12-27,2026-12-27,1,1.0
id_card_0051_glare,glare,name,LAUREN MALDONADO,LAUREN MALDONADO,1,1.0
id_card_0051_glare,glare,dob,1973-03-24,1973-03-24,1,1.0
id_card_0051_glare,glare,id_number,DL-MX18188WW,DL-MX18188WW,1,1.0
id_card_0051_glare,glare,address,"12432 KATHLEEN SHOAL, EAST STEPHANIEFORT, NH 99387","12432 KATHLEEN SHOAL, EAST STEPHANIEFORT, NH 99387",1,1.0
id_card_0051_glare,glare,issue_date,2022-12-28,2022-12-28,1,1.0
id_card_0051_glare,glare,expiry_date,2026-12-27,2026-12-27,1,1.0
id_card_0051_jpeg,jpeg,name,LAUREN MALDONADO,LAUREN MALDONADO,1,1.0
id_card_0051_jpeg,jpeg,dob,1973-03-24,1973-03-24,1,1.0
id_card_0051_jpeg,jpeg,id_number,DL-MX18188WW,DL-MX18188WW,1,1.0
id_card_0051_jpeg,jpeg,address,"12432 KATHLEEN SHOAL, EAST STEPHANIEFORT, NH 99387","12432 KATHLEEN SHOAL, EAST STEPHANIEFORT, NH 99387",1,1.0
id_card_0051_jpeg,jpeg,issue_date,2022-12-28,2022-12-28,1,1.0
id_card_0051_jpeg,jpeg,expiry_date,2026-12-27,2026-12-27,1,1.0
id_card_0051_rotation,rotation,name,LAUREN MALDONADO,LAUREN MALDONADO,1,1.0
id_card_0051_rotation,rotation,dob,1973-03-24,1973-03-24,1,1.0
id_card_0051_rotation,rotation,id_number,DL-MX18188WW,DL-MX18188WW,1,1.0
id_card_0051_rotation,rotation,address,"12432 KATHLEEN SHOAL, EAST STEPHANIEFORT, NH 99387","12432 KATHLEEN SHOAL, EAST STEPHANIEFORT, NH 99387",1,1.0
id_card_0051_rotation,rotation,issue_date,2022-12-28,2026-12-27,0,0.8
id_card_0051_rotation,rotation,expiry_date,2026-12-27,2026-12-27,1,1.0
id_card_0052_blur,blur,name,JULIE SPENCER,JULIE SPENCER,1,1.0
id_card_0052_blur,blur,dob,1988-12-22,1988-12-22,1,1.0
id_card_0052_blur,blur,id_number,DL-CO52717TY,DL-CO52717TY,1,1.0
id_card_0052_blur,blur,address,"058 LANCE MISSION APT. 054, LAKE MICHELLELAND, RI 78368","058 LANCE MISSION APT. 054, LAKE MICHELLELAND, RI 78368",1,1.0
id_card_0052_blur,blur,issue_date,2024-04-23,2024-04-23,1,1.0
id_card_0052_blur,blur,expiry_date,2029-04-22,2029-04-22,1,1.0
id_card_0052_combined,combined,name,JULIE SPENCER,JULIE SPENCER,1,1.0
id_card_0052_combined,combined,dob,1988-12-22,1988-12-22,1,1.0
id_card_0052_combined,combined,id_number,DL-CO52717TY,DL-CO52717TY,1,1.0
id_card_0052_combined,combined,address,"058 LANCE MISSION APT. 054, LAKE MICHELLELAND, RI 78368","058 LANCE MISSION APT. 054, LAKE MICHELLELAND, RI 78368",1,1.0
id_card_0052_combined,combined,issue_date,2024-04-23,2024-04-23,1,1.0
id_card_0052_combined,combined,expiry_date,2029-04-22,2029-04-22,1,1.0
id_card_0052_glare,glare,name,JULIE SPENCER,JULIE SPENCER,1,1.0
id_card_0052_glare,glare,dob,1988-12-22,1988-12-22,1,1.0
id_card_0052_glare,glare,id_number,DL-CO52717TY,DL-CO52717TY,1,1.0
id_card_0052_glare,glare,address,"058 LANCE MISSION APT. 054, LAKE MICHELLELAND, RI 78368","058 LANCE MISSION APT. 054, LAKE MICHELLELAND, RI 78368",1,1.0
id_card_0052_glare,glare,issue_date,2024-04-23,2024-04-23,1,1.0
id_card_0052_glare,glare,expiry_date,2029-04-22,2029-04-22,1,1.0
id_card_0052_jpeg,jpeg,name,JULIE SPENCER,JULIE SPENCER,1,1.0
id_card_0052_jpeg,jpeg,dob,1988-12-22,1988-12-22,1,1.0
id_card_0052_jpeg,jpeg,id_number,DL-CO52717TY,DL-CO52717TY,1,1.0
id_card_0052_jpeg,jpeg,address,"058 LANCE MISSION APT. 054, LAKE MICHELLELAND, RI 78368","058 LANCE MISSION APT. 054, LAKE MICHELLELAND, RI 78368",1,1.0
id_card_0052_jpeg,jpeg,issue_date,2024-04-23,2024-04-23,1,1.0
id_card_0052_jpeg,jpeg,expiry_date,2029-04-22,2029-04-22,1,1.0
id_card_0052_rotation,rotation,name,JULIE SPENCER,JULIE SPENCER,1,1.0
id_card_0052_rotation,rotation,dob,1988-12-22,1988-12-22,1,1.0
id_card_0052_rotation,rotation,id_number,DL-CO52717TY,DL-CO52717TY,1,1.0
id_card_0052_rotation,rotation,address,"058 LANCE MISSION APT. 054, LAKE MICHELLELAND, RI 78368","058 LANCE MISSION APT. 054, LAKE MICHELLELAND, RI 78368",1,1.0
id_card_0052_rotation,rotation,issue_date,2024-04-23,2029-04-22,0,0.8
id_card_0052_rotation,rotation,expiry_date,2029-04-22,2029-04-22,1,1.0
id_card_0053_blur,blur,name,MARK COOK,MARK COOK,1,1.0
id_card_0053_blur,blur,dob,2004-06-11,2004-06-11,1,1.0
id_card_0053_blur,blur,id_number,DL-EG79359JD,DL-EG79359JD,1,1.0
id_card_0053_blur,blur,address,"51820 JASMINE MILL APT. 554, ORTIZMOUTH, TX 78867","51820 JASMINE MILL APT. 554, ORTIZMOUTH, TX 78867",1,1.0
id_card_0053_blur,blur,issue_date,2021-11-28,2021-11-28,1,1.0
id_card_0053_blur,blur,expiry_date,2028-11-26,2028-11-26,1,1.0
id_card_0053_combined,combined,name,MARK COOK,MARK COOK,1,1.0
id_card_0053_combined,combined,dob,2004-06-11,2004-06-11,1,1.0
id_card_0053_combined,combined,id_number,DL-EG79359JD,DL-EG79359JD,1,1.0
id_card_0053_combined,combined,address,"51820 JASMINE MILL APT. 554, ORTIZMOUTH, TX 78867","51820 JASMINE MILL APT. 554, ORTIZMOUTH, TX 78867",1,1.0
id_card_0053_combined,combined,issue_date,2021-11-28,2021-11-28,1,1.0
id_card_0053_combined,combined,expiry_date,2028-11-26,2028-11-26,1,1.0
id_card_0053_glare,glare,name,MARK COOK,MARK COOK,1,1.0
id_card_0053_glare,glare,dob,2004-06-11,2004-06-11,1,1.0
id_card_0053_glare,glare,id_number,DL-EG79359JD,DL-EG79359JD,1,1.0
id_card_0053_glare,glare,address,"51820 JASMINE MILL APT. 554, ORTIZMOUTH, TX 78867","51820 JASMINE MILL APT. 554, ORTIZMOUTH, TX 78867",1,1.0
id_card_0053_glare,glare,issue_date,2021-11-28,2021-11-28,1,1.0
id_card_0053_glare,glare,expiry_date,2028-11-26,2028-11-26,1,1.0
id_card_0053_jpeg,jpeg,name,MARK COOK,MARK COOK,1,1.0
id_card_0053_jpeg,jpeg,dob,2004-06-11,2004-06-11,1,1.0
id_card_0053_jpeg,jpeg,id_number,DL-EG79359JD,DL-EG79359JD,1,1.0
id_card_0053_jpeg,jpeg,address,"51820 JASMINE MILL APT. 554, ORTIZMOUTH, TX 78867","51820 JASMINE MILL APT. 554, ORTIZMOUTH, TX 78867",1,1.0
id_card_0053_jpeg,jpeg,issue_date,2021-11-28,2021-11-28,1,1.0
id_card_0053_jpeg,jpeg,expiry_date,2028-11-26,2028-11-26,1,1.0
id_card_0053_rotation,rotation,name,MARK COOK,MARK COOK,1,1.0
id_card_0053_rotation,rotation,dob,2004-06-11,2004-06-11,1,1.0
id_card_0053_rotation,rotation,id_number,DL-EG79359JD,DL-EG79359JD,1,1.0
id_card_0053_rotation,rotation,address,"51820 JASMINE MILL APT. 554, ORTIZMOUTH, TX 78867","51820 JASMINE MILL APT. 554, ORTIZMOUTH, TX 78867",1,1.0
id_card_0053_rotation,rotation,issue_date,2021-11-28,2028-11-26,0,0.8
id_card_0053_rotation,rotation,expiry_date,2028-11-26,2028-11-26,1,1.0
id_card_0054_blur,blur,name,KATIE SMITH,KATIE SMITH,1,1.0
id_card_0054_blur,blur,dob,1972-12-30,1972-12-30,1,1.0
id_card_0054_blur,blur,id_number,DL-JV86449FL,DL-JV86449FL,1,1.0
id_card_0054_blur,blur,address,"4629 KYLE LANE, LISAHAVEN, CO 85176","4629 KYLE LANE, LISAHAVEN, CO 85176",1,1.0
id_card_0054_blur,blur,issue_date,2022-05-13,2022-05-13,1,1.0
id_card_0054_blur,blur,expiry_date,2029-05-11,2029-05-11,1,1.0
id_card_0054_combined,combined,name,KATIE SMITH,KATIE SMITH,1,1.0
id_card_0054_combined,combined,dob,1972-12-30,1972-12-30,1,1.0
id_card_0054_combined,combined,id_number,DL-JV86449FL,DL-JV86449FL,1,1.0
id_card_0054_combined,combined,address,"4629 KYLE LANE, LISAHAVEN, CO 85176","4629 KYLE LANE, LISAHAVEN, CO 85176",1,1.0
id_card_0054_combined,combined,issue_date,2022-05-13,2022-05-13,1,1.0
id_card_0054_combined,combined,expiry_date,2029-05-11,2029-05-11,1,1.0
id_card_0054_glare,glare,name,KATIE SMITH,KATIE SMITH,1,1.0
id_card_0054_glare,glare,dob,1972-12-30,1972-12-30,1,1.0
id_card_0054_glare,glare,id_number,DL-JV86449FL,DL-JV86449FL,1,1.0
id_card_0054_glare,glare,address,"4629 KYLE LANE, LISAHAVEN, CO 85176","4629 KYLE LANE, LISAHAVEN, CO 85176",1,1.0
id_card_0054_glare,glare,issue_date,2022-05-13,2022-05-13,1,1.0
id_card_0054_glare,glare,expiry_date,2029-05-11,2029-05-11,1,1.0
id_card_0054_jpeg,jpeg,name,KATIE SMITH,KATIE SMITH,1,1.0
id_card_0054_jpeg,jpeg,dob,1972-12-30,1972-12-30,1,1.0
id_card_0054_jpeg,jpeg,id_number,DL-JV86449FL,DL-JV86449FL,1,1.0
id_card_0054_jpeg,jpeg,address,"4629 KYLE LANE, LISAHAVEN, CO 85176","4629 KYLE LANE, LISAHAVEN, CO 85176",1,1.0
id_card_0054_jpeg,jpeg,issue_date,2022-05-13,2022-05-13,1,1.0
id_card_0054_jpeg,jpeg,expiry_date,2029-05-11,2029-05-11,1,1.0
id_card_0054_rotation,rotation,name,KATIE SMITH,KATIE SMITH,1,1.0
id_card_0054_rotation,rotation,dob,1972-12-30,1972-12-30,1,1.0
id_card_0054_rotation,rotation,id_number,DL-JV86449FL,DL-JV86449FL,1,1.0
id_card_0054_rotation,rotation,address,"4629 KYLE LANE, LISAHAVEN, CO 85176","4629 KYLE LANE, LISAHAVEN, CO 85176",1,1.0
id_card_0054_rotation,rotation,issue_date,2022-05-13,2029-05-11,0,0.8
id_card_0054_rotation,rotation,expiry_date,2029-05-11,2029-05-11,1,1.0
id_card_0055_blur,blur,name,PATRICIA LAMB,PATRICIA LAMB,1,1.0
id_card_0055_blur,blur,dob,1971-07-31,1971-07-31,1,1.0
id_card_0055_blur,blur,id_number,DL-IJ35733ES,DL-IJ35733ES,1,1.0
id_card_0055_blur,blur,address,"880 WALTER RIVER, NEW NICHOLAS, GA 24204","880 WALTER RIVER, NEW NICHOLAS, GA 24204",1,1.0
id_card_0055_blur,blur,issue_date,2023-02-04,2023-02-04,1,1.0
id_card_0055_blur,blur,expiry_date,2031-02-02,2031-02-02,1,1.0
id_card_0055_combined,combined,name,PATRICIA LAMB,PATRICIA LAMB,1,1.0
id_card_0055_combined,combined,dob,1971-07-31,1971-07-31,1,1.0
id_card_0055_combined,combined,id_number,DL-IJ35733ES,DL-IJ35733ES,1,1.0
id_card_0055_combined,combined,address,"880 WALTER RIVER, NEW NICHOLAS, GA 24204","880 WALTER RIVER, NEW NICHOLAS, GA 24204",1,1.0
id_card_0055_combined,combined,issue_date,2023-02-04,2023-02-04,1,1.0
id_card_0055_combined,combined,expiry_date,2031-02-02,2031-02-02,1,1.0
id_card_0055_glare,glare,name,PATRICIA LAMB,PATRICIA LAMB,1,1.0
id_card_0055_glare,glare,dob,1971-07-31,1971-07-31,1,1.0
id_card_0055_glare,glare,id_number,DL-IJ35733ES,DL-IJ35733ES,1,1.0
id_card_0055_glare,glare,address,"880 WALTER RIVER, NEW NICHOLAS, GA 24204","880 WALTER RIVER, NEW NICHOLAS, GA 24204",1,1.0
id_card_0055_glare,glare,issue_date,2023-02-04,2023-02-04,1,1.0
id_card_0055_glare,glare,expiry_date,2031-02-02,2031-02-02,1,1.0
id_card_0055_jpeg,jpeg,name,PATRICIA LAMB,PATRICIA LAMB,1,1.0
id_card_0055_jpeg,jpeg,dob,1971-07-31,1971-07-31,1,1.0
id_card_0055_jpeg,jpeg,id_number,DL-IJ35733ES,DL-IJ35733ES,1,1.0
id_card_0055_jpeg,jpeg,address,"880 WALTER RIVER, NEW NICHOLAS, GA 24204","880 WALTER RIVER, NEW NICHOLAS, GA 24204",1,1.0
id_card_0055_jpeg,jpeg,issue_date,2023-02-04,2023-02-04,1,1.0
id_card_0055_jpeg,jpeg,expiry_date,2031-02-02,2031-02-02,1,1.0
id_card_0055_rotation,rotation,name,PATRICIA LAMB,PATRICIA LAMB,1,1.0
id_card_0055_rotation,rotation,dob,1971-07-31,1971-07-31,1,1.0
id_card_0055_rotation,rotation,id_number,DL-IJ35733ES,DL-IJ35733ES,1,1.0
id_card_0055_rotation,rotation,address,"880 WALTER RIVER, NEW NICHOLAS, GA 24204","880 WALTER RIVER, NEW NICHOLAS, GA 24204",1,1.0
id_card_0055_rotation,rotation,issue_date,2023-02-04,2031-02-02,0,0.7
id_card_0055_rotation,rotation,expiry_date,2031-02-02,2031-02-02,1,1.0
id_card_0056_blur,blur,name,DAVID DAVIDSON,DAVID DAVIDSON,1,1.0
id_card_0056_blur,blur,dob,1961-10-29,1961-10-29,1,1.0
id_card_0056_blur,blur,id_number,DL-NS06537WV,DL-NS06537WV,1,1.0
id_card_0056_blur,blur,address,"83473 GREGORY PORTS SUITE 746, BURCHBOROUGH, AS 79755","83473 GREGORY PORTS SUITE 746, BURCHBOROUGH, AS 79755",1,1.0
id_card_0056_blur,blur,issue_date,2025-04-13,2025-04-13,1,1.0
id_card_0056_blur,blur,expiry_date,2030-04-12,2030-04-12,1,1.0
id_card_0056_combined,combined,name,DAVID DAVIDSON,DAVID DAVIDSON,1,1.0
id_card_0056_combined,combined,dob,1961-10-29,1961-10-29,1,1.0
id_card_0056_combined,combined,id_number,DL-NS06537WV,DL-NS06537WV,1,1.0
id_card_0056_combined,combined,address,"83473 GREGORY PORTS SUITE 746, BURCHBOROUGH, AS 79755","83473 GREGORY PORTS SUITE 746, BURCHBOROUGH, AS 79755",1,1.0
id_card_0056_combined,combined,issue_date,2025-04-13,2025-04-13,1,1.0
id_card_0056_combined,combined,expiry_date,2030-04-12,2030-04-12,1,1.0
id_card_0056_glare,glare,name,DAVID DAVIDSON,DAVID DAVIDSON,1,1.0
id_card_0056_glare,glare,dob,1961-10-29,1961-10-29,1,1.0
id_card_0056_glare,glare,id_number,DL-NS06537WV,DL-NS06537WV,1,1.0
id_card_0056_glare,glare,address,"83473 GREGORY PORTS SUITE 746, BURCHBOROUGH, AS 79755","83473 GREGORY PORTS SUITE 746, BURCHBOROUGH, AS 79755",1,1.0
id_card_0056_glare,glare,issue_date,2025-04-13,2025-04-13,1,1.0
id_card_0056_glare,glare,expiry_date,2030-04-12,2030-04-12,1,1.0
id_card_0056_jpeg,jpeg,name,DAVID DAVIDSON,DAVID DAVIDSON,1,1.0
id_card_0056_jpeg,jpeg,dob,1961-10-29,1961-10-29,1,1.0
id_card_0056_jpeg,jpeg,id_number,DL-NS06537WV,DL-NS06537WV,1,1.0
id_card_0056_jpeg,jpeg,address,"83473 GREGORY PORTS SUITE 746, BURCHBOROUGH, AS 79755","83473 GREGORY PORTS SUITE 746, BURCHBOROUGH, AS 79755",1,1.0
id_card_0056_jpeg,jpeg,issue_date,2025-04-13,2025-04-13,1,1.0
id_card_0056_jpeg,jpeg,expiry_date,2030-04-12,2030-04-12,1,1.0
id_card_0056_rotation,rotation,name,DAVID DAVIDSON,DAVID DAVIDSON,1,1.0
id_card_0056_rotation,rotation,dob,1961-10-29,1961-10-29,1,1.0
id_card_0056_rotation,rotation,id_number,DL-NS06537WV,DL-NS06537WV,1,1.0
id_card_0056_rotation,rotation,address,"83473 GREGORY PORTS SUITE 746, BURCHBOROUGH, AS 79755","83473 GREGORY PORTS SUITE 746, BURCHBOROUGH, AS 79755",1,1.0
id_card_0056_rotation,rotation,issue_date,2025-04-13,2030-04-12,0,0.7
id_card_0056_rotation,rotation,expiry_date,2030-04-12,2030-04-12,1,1.0
id_card_0057_blur,blur,name,TIMOTHY COMBS,TIMOTHY COMBS,1,1.0
id_card_0057_blur,blur,dob,1975-10-28,1975-10-28,1,1.0
id_card_0057_blur,blur,id_number,DL-WK18141RC,DL-WK18141RC,1,1.0
id_card_0057_blur,blur,address,"1375 ROBERT LOCKS, JOELAND, MN 29931","1375 ROBERT LOCKS, JOELAND, MN 29931",1,1.0
id_card_0057_blur,blur,issue_date,2026-04-11,2026-04-11,1,1.0
id_card_0057_blur,blur,expiry_date,2032-04-09,2032-04-09,1,1.0
id_card_0057_combined,combined,name,TIMOTHY COMBS,TIMOTHY COMBS,1,1.0
id_card_0057_combined,combined,dob,1975-10-28,1975-10-28,1,1.0
id_card_0057_combined,combined,id_number,DL-WK18141RC,DL-WK18141RC,1,1.0
id_card_0057_combined,combined,address,"1375 ROBERT LOCKS, JOELAND, MN 29931","1375 ROBERT LOCKS, JOELAND, MN 29931",1,1.0
id_card_0057_combined,combined,issue_date,2026-04-11,2026-04-11,1,1.0
id_card_0057_combined,combined,expiry_date,2032-04-09,2032-04-09,1,1.0
id_card_0057_glare,glare,name,TIMOTHY COMBS,TIMOTHY COMBS,1,1.0
id_card_0057_glare,glare,dob,1975-10-28,1975-10-28,1,1.0
id_card_0057_glare,glare,id_number,DL-WK18141RC,DL-WK18141RC,1,1.0
id_card_0057_glare,glare,address,"1375 ROBERT LOCKS, JOELAND, MN 29931","1375 ROBERT LOCKS, JOELAND, MN 29931",1,1.0
id_card_0057_glare,glare,issue_date,2026-04-11,2026-04-11,1,1.0
id_card_0057_glare,glare,expiry_date,2032-04-09,2032-04-09,1,1.0
id_card_0057_jpeg,jpeg,name,TIMOTHY COMBS,TIMOTHY COMBS,1,1.0
id_card_0057_jpeg,jpeg,dob,1975-10-28,1975-10-28,1,1.0
id_card_0057_jpeg,jpeg,id_number,DL-WK18141RC,DL-WK18141RC,1,1.0
id_card_0057_jpeg,jpeg,address,"1375 ROBERT LOCKS, JOELAND, MN 29931","1375 ROBERT LOCKS, JOELAND, MN 29931",1,1.0
id_card_0057_jpeg,jpeg,issue_date,2026-04-11,2026-04-11,1,1.0
id_card_0057_jpeg,jpeg,expiry_date,2032-04-09,2032-04-09,1,1.0
id_card_0057_rotation,rotation,name,TIMOTHY COMBS,TIMOTHY COMBS,1,1.0
id_card_0057_rotation,rotation,dob,1975-10-28,1975-10-28,1,1.0
id_card_0057_rotation,rotation,id_number,DL-WK18141RC,DL-WK18141RC,1,1.0
id_card_0057_rotation,rotation,address,"1375 ROBERT LOCKS, JOELAND, MN 29931","1375 ROBERT LOCKS, JOELAND, MN 29931",1,1.0
id_card_0057_rotation,rotation,issue_date,2026-04-11,2032-04-09,0,0.6
id_card_0057_rotation,rotation,expiry_date,2032-04-09,2032-04-09,1,1.0
id_card_0058_blur,blur,name,JOYCE RODRIGUEZ,JOYCE RODRIGUEZ,1,1.0
id_card_0058_blur,blur,dob,1994-10-16,1994-10-16,1,1.0
id_card_0058_blur,blur,id_number,DL-SI22047WT,DL-SI22047WT,1,1.0
id_card_0058_blur,blur,address,"9010 LEWIS DRIVE SUITE 143, DAVIDBURY, MT 84249","9010 LEWIS DRIVE SUITE 143, DAVIDBURY, MT 84249",1,1.0
id_card_0058_blur,blur,issue_date,2024-05-30,2024-05-30,1,1.0
id_card_0058_blur,blur,expiry_date,2032-05-28,2032-05-28,1,1.0
id_card_0058_combined,combined,name,JOYCE RODRIGUEZ,JOYCE RODRIGUEZ,1,1.0
id_card_0058_combined,combined,dob,1994-10-16,1994-10-16,1,1.0
id_card_0058_combined,combined,id_number,DL-SI22047WT,DL-SI22047WT,1,1.0
id_card_0058_combined,combined,address,"9010 LEWIS DRIVE SUITE 143, DAVIDBURY, MT 84249","9010 LEWIS DRIVE SUITE 143, DAVIDBURY, MT 84249",1,1.0
id_card_0058_combined,combined,issue_date,2024-05-30,2024-05-30,1,1.0
id_card_0058_combined,combined,expiry_date,2032-05-28,2032-05-28,1,1.0
id_card_0058_glare,glare,name,JOYCE RODRIGUEZ,JOYCE RODRIGUEZ,1,1.0
id_card_0058_glare,glare,dob,1994-10-16,1994-10-16,1,1.0
id_card_0058_glare,glare,id_number,DL-SI22047WT,DL-SI22047WT,1,1.0
id_card_0058_glare,glare,address,"9010 LEWIS DRIVE SUITE 143, DAVIDBURY, MT 84249","9010 LEWIS DRIVE SUITE 143, DAVIDBURY, MT 84249",1,1.0
id_card_0058_glare,glare,issue_date,2024-05-30,2024-05-30,1,1.0
id_card_0058_glare,glare,expiry_date,2032-05-28,2032-05-28,1,1.0
id_card_0058_jpeg,jpeg,name,JOYCE RODRIGUEZ,JOYCE RODRIGUEZ,1,1.0
id_card_0058_jpeg,jpeg,dob,1994-10-16,1994-10-16,1,1.0
id_card_0058_jpeg,jpeg,id_number,DL-SI22047WT,DL-SI22047WT,1,1.0
id_card_0058_jpeg,jpeg,address,"9010 LEWIS DRIVE SUITE 143, DAVIDBURY, MT 84249","9010 LEWIS DRIVE SUITE 143, DAVIDBURY, MT 84249",1,1.0
id_card_0058_jpeg,jpeg,issue_date,2024-05-30,2024-05-30,1,1.0
id_card_0058_jpeg,jpeg,expiry_date,2032-05-28,2032-05-28,1,1.0
id_card_0058_rotation,rotation,name,JOYCE RODRIGUEZ,JOYCE RODRIGUEZ,1,1.0
id_card_0058_rotation,rotation,dob,1994-10-16,1994-10-16,1,1.0
id_card_0058_rotation,rotation,id_number,DL-SI22047WT,DL-SI22047WT,1,1.0
id_card_0058_rotation,rotation,address,"9010 LEWIS DRIVE SUITE 143, DAVIDBURY, MT 84249","9010 LEWIS DRIVE SUITE 143, DAVIDBURY, MT 84249",1,1.0
id_card_0058_rotation,rotation,issue_date,2024-05-30,2032-05-28,0,0.6
id_card_0058_rotation,rotation,expiry_date,2032-05-28,2032-05-28,1,1.0
id_card_0059_blur,blur,name,AUSTIN ALLEN,AUSTIN ALLEN,1,1.0
id_card_0059_blur,blur,dob,1984-07-29,1984-07-29,1,1.0
id_card_0059_blur,blur,id_number,DL-SB08932AN,DL-SB08932AN,1,1.0
id_card_0059_blur,blur,address,"96218 JONES PINE APT. 670, ZAVALAVIEW, WA 02629","96218 JONES PINE APT. 670, ZAVALAVIEW, WA 02629",1,1.0
id_card_0059_blur,blur,issue_date,2026-02-13,2026-02-13,1,1.0
id_card_0059_blur,blur,expiry_date,2031-02-12,2031-02-12,1,1.0
id_card_0059_combined,combined,name,AUSTIN ALLEN,AUSTIN ALLEN,1,1.0
id_card_0059_combined,combined,dob,1984-07-29,1984-07-29,1,1.0
id_card_0059_combined,combined,id_number,DL-SB08932AN,DL-SB08932AN,1,1.0
id_card_0059_combined,combined,address,"96218 JONES PINE APT. 670, ZAVALAVIEW, WA 02629","96218 JONES PINE APT. 670, ZAVALAVIEW, WA 02629",1,1.0
id_card_0059_combined,combined,issue_date,2026-02-13,2026-02-13,1,1.0
id_card_0059_combined,combined,expiry_date,2031-02-12,2031-02-12,1,1.0
id_card_0059_glare,glare,name,AUSTIN ALLEN,AUSTIN ALLEN,1,1.0
id_card_0059_glare,glare,dob,1984-07-29,1984-07-29,1,1.0
id_card_0059_glare,glare,id_number,DL-SB08932AN,DL-SB08932AN,1,1.0
id_card_0059_glare,glare,address,"96218 JONES PINE APT. 670, ZAVALAVIEW, WA 02629","96218 JONES PINE APT. 670, ZAVALAVIEW, WA 02629",1,1.0
id_card_0059_glare,glare,issue_date,2026-02-13,2026-02-13,1,1.0
id_card_0059_glare,glare,expiry_date,2031-02-12,2031-02-12,1,1.0
id_card_0059_jpeg,jpeg,name,AUSTIN ALLEN,AUSTIN ALLEN,1,1.0
id_card_0059_jpeg,jpeg,dob,1984-07-29,1984-07-29,1,1.0
id_card_0059_jpeg,jpeg,id_number,DL-SB08932AN,DL-S808932AN,0,0.9167
id_card_0059_jpeg,jpeg,address,"96218 JONES PINE APT. 670, ZAVALAVIEW, WA 02629","96218 JONES PINE APT. 670, ZAVALAVIEW, WA 02629",1,1.0
id_card_0059_jpeg,jpeg,issue_date,2026-02-13,2026-02-13,1,1.0
id_card_0059_jpeg,jpeg,expiry_date,2031-02-12,2031-02-12,1,1.0
id_card_0059_rotation,rotation,name,AUSTIN ALLEN,AUSTIN ALLEN,1,1.0
id_card_0059_rotation,rotation,dob,1984-07-29,1984-07-29,1,1.0
id_card_0059_rotation,rotation,id_number,DL-SB08932AN,DL-SB08932AN,1,1.0
id_card_0059_rotation,rotation,address,"96218 JONES PINE APT. 670, ZAVALAVIEW, WA 02629","96218 JONES PINE APT. 670, ZAVALAVIEW, WA 02629",1,1.0
id_card_0059_rotation,rotation,issue_date,2026-02-13,2031-02-12,0,0.7
id_card_0059_rotation,rotation,expiry_date,2031-02-12,2031-02-12,1,1.0
id_card_0060_blur,blur,name,ROBERT KENNEDY,ROBERT KENNEDY,1,1.0
id_card_0060_blur,blur,dob,1995-04-12,1995-04-12,1,1.0
id_card_0060_blur,blur,id_number,DL-IV95205PL,DL-IV95205PL,1,1.0
id_card_0060_blur,blur,address,"722 JENNIFER MOUNT APT. 430, NORTH LESLIE, ME 68053","722 JENNIFER MOUNT APT. 430, NORTH LESLIE, ME 68053",1,1.0
id_card_0060_blur,blur,issue_date,2022-06-11,2022-06-11,1,1.0
id_card_0060_blur,blur,expiry_date,2029-06-09,2029-06-09,1,1.0
id_card_0060_combined,combined,name,ROBERT KENNEDY,ROBERT KENNEDY,1,1.0
id_card_0060_combined,combined,dob,1995-04-12,1995-04-12,1,1.0
id_card_0060_combined,combined,id_number,DL-IV95205PL,DL-IV95205PL,1,1.0
id_card_0060_combined,combined,address,"722 JENNIFER MOUNT APT. 430, NORTH LESLIE, ME 68053","722 JENNIFER MOUNT APT. 430, NORTH LESLIE, ME 68053",1,1.0
id_card_0060_combined,combined,issue_date,2022-06-11,2022-06-11,1,1.0
id_card_0060_combined,combined,expiry_date,2029-06-09,2029-06-09,1,1.0
id_card_0060_glare,glare,name,ROBERT KENNEDY,ROBERT KENNEDY,1,1.0
id_card_0060_glare,glare,dob,1995-04-12,1995-04-12,1,1.0
id_card_0060_glare,glare,id_number,DL-IV95205PL,DL-IV95205PL,1,1.0
id_card_0060_glare,glare,address,"722 JENNIFER MOUNT APT. 430, NORTH LESLIE, ME 68053","722 JENNIFER MOUNT APT. 430, NORTH LESLIE, ME 68053",1,1.0
id_card_0060_glare,glare,issue_date,2022-06-11,2022-06-11,1,1.0
id_card_0060_glare,glare,expiry_date,2029-06-09,2029-06-09,1,1.0
id_card_0060_jpeg,jpeg,name,ROBERT KENNEDY,ROBERT KENNEDY,1,1.0
id_card_0060_jpeg,jpeg,dob,1995-04-12,1995-04-12,1,1.0
id_card_0060_jpeg,jpeg,id_number,DL-IV95205PL,DL-IV95205PL,1,1.0
id_card_0060_jpeg,jpeg,address,"722 JENNIFER MOUNT APT. 430, NORTH LESLIE, ME 68053","722 JENNIFER MOUNT APT. 430, NORTH LESLIE, ME 68053",1,1.0
id_card_0060_jpeg,jpeg,issue_date,2022-06-11,2022-06-11,1,1.0
id_card_0060_jpeg,jpeg,expiry_date,2029-06-09,2029-06-09,1,1.0
id_card_0060_rotation,rotation,name,ROBERT KENNEDY,ROBERT KENNEDY,1,1.0
id_card_0060_rotation,rotation,dob,1995-04-12,1995-04-12,1,1.0
id_card_0060_rotation,rotation,id_number,DL-IV95205PL,DL-IV95205PL,1,1.0
id_card_0060_rotation,rotation,address,"722 JENNIFER MOUNT APT. 430, NORTH LESLIE, ME 68053","722 JENNIFER MOUNT APT. 430, NORTH LESLIE, ME 68053",1,1.0
id_card_0060_rotation,rotation,issue_date,2022-06-11,2029-06-09,0,0.7
id_card_0060_rotation,rotation,expiry_date,2029-06-09,2029-06-09,1,1.0
id_card_0061_blur,blur,name,BOBBY GUERRERO,BOBBY GUERRERO,1,1.0
id_card_0061_blur,blur,dob,1953-01-20,1953-01-20,1,1.0
id_card_0061_blur,blur,id_number,DL-HZ45054XB,DL-HZ45054XB,1,1.0
id_card_0061_blur,blur,address,"765 TYLER PARKS SUITE 841, MILLERBURGH, ND 39005","765 TYLER PARKS SUITE 841, MILLERBURGH, ND 39005",1,1.0
id_card_0061_blur,blur,issue_date,2023-03-09,2023-03-09,1,1.0
id_card_0061_blur,blur,expiry_date,2031-03-07,2031-03-07,1,1.0
id_card_0061_combined,combined,name,BOBBY GUERRERO,BOBBY GUERRERO,1,1.0
id_card_0061_combined,combined,dob,1953-01-20,1953-01-20,1,1.0
id_card_0061_combined,combined,id_number,DL-HZ45054XB,DL-HZ45054XB,1,1.0
id_card_0061_combined,combined,address,"765 TYLER PARKS SUITE 841, MILLERBURGH, ND 39005","765 TYLER PARKS SUITE 841, MILLERBURGH, ND 39005",1,1.0
id_card_0061_combined,combined,issue_date,2023-03-09,2023-03-09,1,1.0
id_card_0061_combined,combined,expiry_date,2031-03-07,2031-03-07,1,1.0
id_card_0061_glare,glare,name,BOBBY GUERRERO,BOBBY GUERRERO,1,1.0
id_card_0061_glare,glare,dob,1953-01-20,1953-01-20,1,1.0
id_card_0061_glare,glare,id_number,DL-HZ45054XB,DL-HZ45054XB,1,1.0
id_card_0061_glare,glare,address,"765 TYLER PARKS SUITE 841, MILLERBURGH, ND 39005","765 TYLER PARKS SUITE 841, MILLERBURGH, ND 39005",1,1.0
id_card_0061_glare,glare,issue_date,2023-03-09,2023-03-09,1,1.0
id_card_0061_glare,glare,expiry_date,2031-03-07,2031-03-07,1,1.0
id_card_0061_jpeg,jpeg,name,BOBBY GUERRERO,BOBBY GUERRERO,1,1.0
id_card_0061_jpeg,jpeg,dob,1953-01-20,1953-01-20,1,1.0
id_card_0061_jpeg,jpeg,id_number,DL-HZ45054XB,DL-HZ45054X8,0,0.9167
id_card_0061_jpeg,jpeg,address,"765 TYLER PARKS SUITE 841, MILLERBURGH, ND 39005","765 TYLER PARKS SUITE 841, MILLERBURGH, ND 39005",1,1.0
id_card_0061_jpeg,jpeg,issue_date,2023-03-09,2023-03-09,1,1.0
id_card_0061_jpeg,jpeg,expiry_date,2031-03-07,2031-03-07,1,1.0
id_card_0061_rotation,rotation,name,BOBBY GUERRERO,BOBBY GUERRERO,1,1.0
id_card_0061_rotation,rotation,dob,1953-01-20,1953-01-20,1,1.0
id_card_0061_rotation,rotation,id_number,DL-HZ45054XB,DL-HZ45054XB,1,1.0
id_card_0061_rotation,rotation,address,"765 TYLER PARKS SUITE 841, MILLERBURGH, ND 39005","765 TYLER PARKS SUITE 841, MILLERBURGH, ND 39005",1,1.0
id_card_0061_rotation,rotation,issue_date,2023-03-09,2031-03-07,0,0.7
id_card_0061_rotation,rotation,expiry_date,2031-03-07,2031-03-07,1,1.0
id_card_0062_blur,blur,name,AMANDA HERNANDEZ,AMANDA HERNANDEZ,1,1.0
id_card_0062_blur,blur,dob,1971-06-02,1971-06-02,1,1.0
id_card_0062_blur,blur,id_number,DL-CC96275UW,DL-CC96275UW,1,1.0
id_card_0062_blur,blur,address,"0165 STEPHANIE DIVIDE SUITE 021, PORT DEANNA, MN 50682","0165 SIEPHANIE DIVIDE SUITE 021, PORT DEANNA, MN 50682",0,0.9815
id_card_0062_blur,blur,issue_date,2025-05-09,2025-05-09,1,1.0
id_card_0062_blur,blur,expiry_date,2031-05-08,2031-05-08,1,1.0
id_card_0062_combined,combined,name,AMANDA HERNANDEZ,AMANDA HERNANDEZ,1,1.0
id_card_0062_combined,combined,dob,1971-06-02,1971-06-02,1,1.0
id_card_0062_combined,combined,id_number,DL-CC96275UW,DL-CC96275UW,1,1.0
id_card_0062_combined,combined,address,"0165 STEPHANIE DIVIDE SUITE 021, PORT DEANNA, MN 50682","0165 STEPHANIE DIVIDE SUITE 021, PORT DEANNA, MN 50682",1,1.0
id_card_0062_combined,combined,issue_date,2025-05-09,2025-05-09,1,1.0
id_card_0062_combined,combined,expiry_date,2031-05-08,2031-05-08,1,1.0
id_card_0062_glare,glare,name,AMANDA HERNANDEZ,AMANDA HERNANDEZ,1,1.0
id_card_0062_glare,glare,dob,1971-06-02,1971-06-02,1,1.0
id_card_0062_glare,glare,id_number,DL-CC96275UW,DL-CC96275UW,1,1.0
id_card_0062_glare,glare,address,"0165 STEPHANIE DIVIDE SUITE 021, PORT DEANNA, MN 50682","0165 STEPHANIE DIVIDE SUITE 021, PORT DEANNA, MN 50682",1,1.0
id_card_0062_glare,glare,issue_date,2025-05-09,2025-05-09,1,1.0
id_card_0062_glare,glare,expiry_date,2031-05-08,2031-05-08,1,1.0
id_card_0062_jpeg,jpeg,name,AMANDA HERNANDEZ,AMANDA HERNANDEZ,1,1.0
id_card_0062_jpeg,jpeg,dob,1971-06-02,1971-06-02,1,1.0
id_card_0062_jpeg,jpeg,id_number,DL-CC96275UW,DL-CC96275UW,1,1.0
id_card_0062_jpeg,jpeg,address,"0165 STEPHANIE DIVIDE SUITE 021, PORT DEANNA, MN 50682","0165 STEPHANIE DIVIDE SUITE 021, PORT DEANNA, MN 50682",1,1.0
id_card_0062_jpeg,jpeg,issue_date,2025-05-09,2025-05-09,1,1.0
id_card_0062_jpeg,jpeg,expiry_date,2031-05-08,2031-05-08,1,1.0
id_card_0062_rotation,rotation,name,AMANDA HERNANDEZ,AMANDA HERNANDEZ,1,1.0
id_card_0062_rotation,rotation,dob,1971-06-02,1971-06-02,1,1.0
id_card_0062_rotation,rotation,id_number,DL-CC96275UW,DL-CC96275UW,1,1.0
id_card_0062_rotation,rotation,address,"0165 STEPHANIE DIVIDE SUITE 021, PORT DEANNA, MN 50682","0165 STEPHANIE DIVIDE SUITE 021, PORT DEANNA, MN 50682",1,1.0
id_card_0062_rotation,rotation,issue_date,2025-05-09,2031-05-08,0,0.7
id_card_0062_rotation,rotation,expiry_date,2031-05-08,2031-05-08,1,1.0
id_card_0063_blur,blur,name,BENJAMIN THOMPSON,BENJAMIN THOMPSON,1,1.0
id_card_0063_blur,blur,dob,1981-03-06,1981-03-06,1,1.0
id_card_0063_blur,blur,id_number,DL-HX57192ZU,DL-HX57192ZU,1,1.0
id_card_0063_blur,blur,address,"10278 MCINTYRE CREST SUITE 473, HEATHERFORT, ID 16575","10278 MCINTYRE CRESI SUITE 473, HEATHERFORT, ID 16575",0,0.9811
id_card_0063_blur,blur,issue_date,2024-09-18,2024-09-18,1,1.0
id_card_0063_blur,blur,expiry_date,2030-09-17,2030-09-17,1,1.0
id_card_0063_combined,combined,name,BENJAMIN THOMPSON,BENJAMIN THOMPSON,1,1.0
id_card_0063_combined,combined,dob,1981-03-06,1981-03-06,1,1.0
id_card_0063_combined,combined,id_number,DL-HX57192ZU,DL-HX57192ZU,1,1.0
id_card_0063_combined,combined,address,"10278 MCINTYRE CREST SUITE 473, HEATHERFORT, ID 16575","10278 MCINTYRE CREST SUITE 473, HEATHERFORT, ID 16575",1,1.0
id_card_0063_combined,combined,issue_date,2024-09-18,2024-09-18,1,1.0
id_card_0063_combined,combined,expiry_date,2030-09-17,2030-09-17,1,1.0
id_card_0063_glare,glare,name,BENJAMIN THOMPSON,BENJAMIN THOMPSON,1,1.0
id_card_0063_glare,glare,dob,1981-03-06,1981-03-06,1,1.0
id_card_0063_glare,glare,id_number,DL-HX57192ZU,DL-HX57192ZU,1,1.0
id_card_0063_glare,glare,address,"10278 MCINTYRE CREST SUITE 473, HEATHERFORT, ID 16575","10278 MCINTYRE CREST SUITE 473, HEATHERFORT, ID 16575",1,1.0
id_card_0063_glare,glare,issue_date,2024-09-18,2024-09-18,1,1.0
id_card_0063_glare,glare,expiry_date,2030-09-17,2030-09-17,1,1.0
id_card_0063_jpeg,jpeg,name,BENJAMIN THOMPSON,BENJAMIN THOMPSON,1,1.0
id_card_0063_jpeg,jpeg,dob,1981-03-06,1981-03-06,1,1.0
id_card_0063_jpeg,jpeg,id_number,DL-HX57192ZU,DL-HX57192ZU,1,1.0
id_card_0063_jpeg,jpeg,address,"10278 MCINTYRE CREST SUITE 473, HEATHERFORT, ID 16575","10278 MCINTYRE CREST SUITE 473, HEATHERFORT, ID 16575",1,1.0
id_card_0063_jpeg,jpeg,issue_date,2024-09-18,2024-09-18,1,1.0
id_card_0063_jpeg,jpeg,expiry_date,2030-09-17,2030-09-17,1,1.0
id_card_0063_rotation,rotation,name,BENJAMIN THOMPSON,BENJAMIN THOMPSON,1,1.0
id_card_0063_rotation,rotation,dob,1981-03-06,1981-03-06,1,1.0
id_card_0063_rotation,rotation,id_number,DL-HX57192ZU,DL-HX57192ZU,1,1.0
id_card_0063_rotation,rotation,address,"10278 MCINTYRE CREST SUITE 473, HEATHERFORT, ID 16575","10278 MCINTYRE CREST SUITE 473, HEATHERFORT, ID 16575",1,1.0
id_card_0063_rotation,rotation,issue_date,2024-09-18,2030-09-17,0,0.7
id_card_0063_rotation,rotation,expiry_date,2030-09-17,2030-09-17,1,1.0
id_card_0064_blur,blur,name,STEPHEN JONES,STEPHEN JONES,1,1.0
id_card_0064_blur,blur,dob,1999-02-08,1999-02-08,1,1.0
id_card_0064_blur,blur,id_number,DL-IS15518TK,DL-IS15518TK,1,1.0
id_card_0064_blur,blur,address,"8313 JOEL PARK, WEST ANGELASTAD, NH 72806","8313 JOEL PARK, WESI ANGELASIAD, NH 72806",0,0.9512
id_card_0064_blur,blur,issue_date,2025-05-06,2025-05-06,1,1.0
id_card_0064_blur,blur,expiry_date,2031-05-05,2031-05-05,1,1.0
id_card_0064_combined,combined,name,STEPHEN JONES,STEPHEN JONES,1,1.0
id_card_0064_combined,combined,dob,1999-02-08,1999-02-08,1,1.0
id_card_0064_combined,combined,id_number,DL-IS15518TK,DL-IS15518TK,1,1.0
id_card_0064_combined,combined,address,"8313 JOEL PARK, WEST ANGELASTAD, NH 72806","8313 JOEL PARK, WEST ANGELASTAD, NH 72806",1,1.0
id_card_0064_combined,combined,issue_date,2025-05-06,2025-05-06,1,1.0
id_card_0064_combined,combined,expiry_date,2031-05-05,2031-05-05,1,1.0
id_card_0064_glare,glare,name,STEPHEN JONES,STEPHEN JONES,1,1.0
id_card_0064_glare,glare,dob,1999-02-08,1999-02-08,1,1.0
id_card_0064_glare,glare,id_number,DL-IS15518TK,DL-IS15518TK,1,1.0
id_card_0064_glare,glare,address,"8313 JOEL PARK, WEST ANGELASTAD, NH 72806","8313 JOEL PARK, WEST ANGELASTAD, NH 72806",1,1.0
id_card_0064_glare,glare,issue_date,2025-05-06,2025-05-06,1,1.0
id_card_0064_glare,glare,expiry_date,2031-05-05,2031-05-05,1,1.0
id_card_0064_jpeg,jpeg,name,STEPHEN JONES,STEPHEN JONES,1,1.0
id_card_0064_jpeg,jpeg,dob,1999-02-08,1999-02-08,1,1.0
id_card_0064_jpeg,jpeg,id_number,DL-IS15518TK,DL-IS15518TK,1,1.0
id_card_0064_jpeg,jpeg,address,"8313 JOEL PARK, WEST ANGELASTAD, NH 72806","8313 JOEL PARK, WEST ANGELASTAD, NH 72806",1,1.0
id_card_0064_jpeg,jpeg,issue_date,2025-05-06,2025-05-06,1,1.0
id_card_0064_jpeg,jpeg,expiry_date,2031-05-05,2031-05-05,1,1.0
id_card_0064_rotation,rotation,name,STEPHEN JONES,STEPHEN JONES,1,1.0
id_card_0064_rotation,rotation,dob,1999-02-08,1999-02-08,1,1.0
id_card_0064_rotation,rotation,id_number,DL-IS15518TK,DL-IS15518TK,1,1.0
id_card_0064_rotation,rotation,address,"8313 JOEL PARK, WEST ANGELASTAD, NH 72806","8313 JOEL PARK, WEST ANGELASTAD, NH 72806",1,1.0
id_card_0064_rotation,rotation,issue_date,2025-05-06,2031-05-05,0,0.7
id_card_0064_rotation,rotation,expiry_date,2031-05-05,2031-05-05,1,1.0
id_card_0065_blur,blur,name,TRAVIS STONE,TRAVIS STONE,1,1.0
id_card_0065_blur,blur,dob,1977-08-28,1977-08-28,1,1.0
id_card_0065_blur,blur,id_number,DL-IU86691PE,DL-IU86691PE,1,1.0
id_card_0065_blur,blur,address,"8528 KATRINA CURVE SUITE 801, WEST FRED, MD 93474","8528 KATRINA CURVE SUITE 801, WESI FRED, MD 93474",0,0.9796
id_card_0065_blur,blur,issue_date,2025-08-19,2025-08-19,1,1.0
id_card_0065_blur,blur,expiry_date,2029-08-18,2029-08-18,1,1.0
id_card_0065_combined,combined,name,TRAVIS STONE,TRAVIS STONE,1,1.0
id_card_0065_combined,combined,dob,1977-08-28,1977-08-28,1,1.0
id_card_0065_combined,combined,id_number,DL-IU86691PE,DL-IU86691PE,1,1.0
id_card_0065_combined,combined,address,"8528 KATRINA CURVE SUITE 801, WEST FRED, MD 93474","8528 KATRINA CURVE SUITE 801, WEST FRED, MD 93474",1,1.0
id_card_0065_combined,combined,issue_date,2025-08-19,2025-08-19,1,1.0
id_card_0065_combined,combined,expiry_date,2029-08-18,2029-08-18,1,1.0
id_card_0065_glare,glare,name,TRAVIS STONE,TRAVIS STONE,1,1.0
id_card_0065_glare,glare,dob,1977-08-28,1977-08-28,1,1.0
id_card_0065_glare,glare,id_number,DL-IU86691PE,DL-IU86691PE,1,1.0
id_card_0065_glare,glare,address,"8528 KATRINA CURVE SUITE 801, WEST FRED, MD 93474","8528 KATRINA CURVE SUITE 801, WEST FRED, MD 93474",1,1.0
id_card_0065_glare,glare,issue_date,2025-08-19,2025-08-19,1,1.0
id_card_0065_glare,glare,expiry_date,2029-08-18,2029-08-18,1,1.0
id_card_0065_jpeg,jpeg,name,TRAVIS STONE,TRAVIS STONE,1,1.0
id_card_0065_jpeg,jpeg,dob,1977-08-28,1977-08-28,1,1.0
id_card_0065_jpeg,jpeg,id_number,DL-IU86691PE,DL-IU86691PE,1,1.0
id_card_0065_jpeg,jpeg,address,"8528 KATRINA CURVE SUITE 801, WEST FRED, MD 93474","8528 KATRINA CURVE SUITE 801, WEST FRED, MD 93474",1,1.0
id_card_0065_jpeg,jpeg,issue_date,2025-08-19,2025-08-19,1,1.0
id_card_0065_jpeg,jpeg,expiry_date,2029-08-18,2029-08-18,1,1.0
id_card_0065_rotation,rotation,name,TRAVIS STONE,TRAVIS STONE,1,1.0
id_card_0065_rotation,rotation,dob,1977-08-28,1977-08-28,1,1.0
id_card_0065_rotation,rotation,id_number,DL-IU86691PE,DL-IU86691PE,1,1.0
id_card_0065_rotation,rotation,address,"8528 KATRINA CURVE SUITE 801, WEST FRED, MD 93474","8528 KATRINA CURVE SUITE 801, WEST FRED, MD 93474",1,1.0
id_card_0065_rotation,rotation,issue_date,2025-08-19,2029-08-18,0,0.8
id_card_0065_rotation,rotation,expiry_date,2029-08-18,2029-08-18,1,1.0
id_card_0066_blur,blur,name,TRAVIS WISE,TRAVIS WISE,1,1.0
id_card_0066_blur,blur,dob,1969-11-22,1969-11-22,1,1.0
id_card_0066_blur,blur,id_number,DL-OT43842NI,DL-OT43842NI,1,1.0
id_card_0066_blur,blur,address,"299 GEORGE ROAD, MEGANSHIRE, AZ 04219","299 GEORGE ROAD, MEGANSHIRE, AZ 04219",1,1.0
id_card_0066_blur,blur,issue_date,2022-03-26,2022-03-26,1,1.0
id_card_0066_blur,blur,expiry_date,2027-03-25,2027-03-25,1,1.0
id_card_0066_combined,combined,name,TRAVIS WISE,TRAVIS WISE,1,1.0
id_card_0066_combined,combined,dob,1969-11-22,1969-11-22,1,1.0
id_card_0066_combined,combined,id_number,DL-OT43842NI,DL-OT43842NI,1,1.0
id_card_0066_combined,combined,address,"299 GEORGE ROAD, MEGANSHIRE, AZ 04219","299 GEORGE ROAD, MEGANSHIRE, AZ 04219",1,1.0
id_card_0066_combined,combined,issue_date,2022-03-26,2022-03-26,1,1.0
id_card_0066_combined,combined,expiry_date,2027-03-25,2027-03-25,1,1.0
id_card_0066_glare,glare,name,TRAVIS WISE,TRAVIS WISE,1,1.0
id_card_0066_glare,glare,dob,1969-11-22,1969-11-22,1,1.0
id_card_0066_glare,glare,id_number,DL-OT43842NI,DL-OT43842NI,1,1.0
id_card_0066_glare,glare,address,"299 GEORGE ROAD, MEGANSHIRE, AZ 04219","299 GEORGE ROAD, MEGANSHIRE, AZ 04219",1,1.0
id_card_0066_glare,glare,issue_date,2022-03-26,2022-03-26,1,1.0
id_card_0066_glare,glare,expiry_date,2027-03-25,2027-03-25,1,1.0
id_card_0066_jpeg,jpeg,name,TRAVIS WISE,TRAVIS WISE,1,1.0
id_card_0066_jpeg,jpeg,dob,1969-11-22,1969-11-22,1,1.0
id_card_0066_jpeg,jpeg,id_number,DL-OT43842NI,DL-OT43842NI,1,1.0
id_card_0066_jpeg,jpeg,address,"299 GEORGE ROAD, MEGANSHIRE, AZ 04219","299 GEORGE ROAD, MEGANSHIRE, AZ 04219",1,1.0
id_card_0066_jpeg,jpeg,issue_date,2022-03-26,2022-03-26,1,1.0
id_card_0066_jpeg,jpeg,expiry_date,2027-03-25,2027-03-25,1,1.0
id_card_0066_rotation,rotation,name,TRAVIS WISE,TRAVIS WISE,1,1.0
id_card_0066_rotation,rotation,dob,1969-11-22,1969-11-22,1,1.0
id_card_0066_rotation,rotation,id_number,DL-OT43842NI,DL-OT43842NI,1,1.0
id_card_0066_rotation,rotation,address,"299 GEORGE ROAD, MEGANSHIRE, AZ 04219","299 GEORGE ROAD, MEGANSHIRE, AZ 04219",1,1.0
id_card_0066_rotation,rotation,issue_date,2022-03-26,2027-03-25,0,0.8
id_card_0066_rotation,rotation,expiry_date,2027-03-25,2027-03-25,1,1.0
id_card_0067_blur,blur,name,WILLIAM REED,WILLIAM REED,1,1.0
id_card_0067_blur,blur,dob,1968-07-28,1968-07-28,1,1.0
id_card_0067_blur,blur,id_number,DL-OI96907SP,DL-OI96907SP,1,1.0
id_card_0067_blur,blur,address,"3647 HALEY ESTATE SUITE 677, WEST CATHERINE, MD 94658","3647 HALEY ESIATE SUITE 677, WESI CATHERINE, MD 94658",0,0.9623
id_card_0067_blur,blur,issue_date,2023-05-09,2023-05-09,1,1.0
id_card_0067_blur,blur,expiry_date,2029-05-07,2029-05-07,1,1.0
id_card_0067_combined,combined,name,WILLIAM REED,WILLIAM REED,1,1.0
id_card_0067_combined,combined,dob,1968-07-28,1968-07-28,1,1.0
id_card_0067_combined,combined,id_number,DL-OI96907SP,DL-OI96907SP,1,1.0
id_card_0067_combined,combined,address,"3647 HALEY ESTATE SUITE 677, WEST CATHERINE, MD 94658","3647 HALEY ESTATE SUITE 677, WEST CATHERINE, MD 94658",1,1.0
id_card_0067_combined,combined,issue_date,2023-05-09,2023-05-09,1,1.0
id_card_0067_combined,combined,expiry_date,2029-05-07,2029-05-07,1,1.0
id_card_0067_glare,glare,name,WILLIAM REED,WILLIAM REED,1,1.0
id_card_0067_glare,glare,dob,1968-07-28,1968-07-28,1,1.0
id_card_0067_glare,glare,id_number,DL-OI96907SP,DL-OI96907SP,1,1.0
id_card_0067_glare,glare,address,"3647 HALEY ESTATE SUITE 677, WEST CATHERINE, MD 94658","3647 HALEY ESTATE SUITE 677, WEST CATHERINE, MD 94658",1,1.0
id_card_0067_glare,glare,issue_date,2023-05-09,2023-05-09,1,1.0
id_card_0067_glare,glare,expiry_date,2029-05-07,2029-05-07,1,1.0
id_card_0067_jpeg,jpeg,name,WILLIAM REED,WILLIAM REED,1,1.0
id_card_0067_jpeg,jpeg,dob,1968-07-28,1968-07-28,1,1.0
id_card_0067_jpeg,jpeg,id_number,DL-OI96907SP,DL-OI96907SP,1,1.0
id_card_0067_jpeg,jpeg,address,"3647 HALEY ESTATE SUITE 677, WEST CATHERINE, MD 94658","3647 HALEY ESTATE SUITE 677, WEST CATHERINE, MD 94658",1,1.0
id_card_0067_jpeg,jpeg,issue_date,2023-05-09,2023-05-09,1,1.0
id_card_0067_jpeg,jpeg,expiry_date,2029-05-07,2029-05-07,1,1.0
id_card_0067_rotation,rotation,name,WILLIAM REED,WILLIAM REED,1,1.0
id_card_0067_rotation,rotation,dob,1968-07-28,1968-07-28,1,1.0
id_card_0067_rotation,rotation,id_number,DL-OI96907SP,DL-OI96907SP,1,1.0
id_card_0067_rotation,rotation,address,"3647 HALEY ESTATE SUITE 677, WEST CATHERINE, MD 94658","3647 HALEY ESTATE SUITE 677, WEST CATHERINE, MD 94658",1,1.0
id_card_0067_rotation,rotation,issue_date,2023-05-09,2029-05-07,0,0.8
id_card_0067_rotation,rotation,expiry_date,2029-05-07,2029-05-07,1,1.0
id_card_0068_blur,blur,name,MR. ALEXANDER LANDRY MD,MR. ALEXANDER LANDRY MD,1,1.0
id_card_0068_blur,blur,dob,1977-09-11,1977-09-11,1,1.0
id_card_0068_blur,blur,id_number,DL-PD58815HR,DL-PD58815HR,1,1.0
id_card_0068_blur,blur,address,"21046 WRIGHT WAY APT. 595, PORT ERIK, NY 61687","21046 WRIGHT WAY APT. 595, PORT ERIK, NY 61687",1,1.0
id_card_0068_blur,blur,issue_date,2022-09-03,2022-09-03,1,1.0
id_card_0068_blur,blur,expiry_date,2030-09-01,2030-09-01,1,1.0
id_card_0068_combined,combined,name,MR. ALEXANDER LANDRY MD,MR. ALEXANDER LANDRY MD,1,1.0
id_card_0068_combined,combined,dob,1977-09-11,1977-09-11,1,1.0
id_card_0068_combined,combined,id_number,DL-PD58815HR,DL-PD58815HR,1,1.0
id_card_0068_combined,combined,address,"21046 WRIGHT WAY APT. 595, PORT ERIK, NY 61687","21046 WRIGHT WAY APT. 595, PORT ERIK, NY 61687",1,1.0
id_card_0068_combined,combined,issue_date,2022-09-03,2022-09-03,1,1.0
id_card_0068_combined,combined,expiry_date,2030-09-01,2030-09-01,1,1.0
id_card_0068_glare,glare,name,MR. ALEXANDER LANDRY MD,MR. ALEXANDER LANDRY MD,1,1.0
id_card_0068_glare,glare,dob,1977-09-11,1977-09-11,1,1.0
id_card_0068_glare,glare,id_number,DL-PD58815HR,DL-PD58815HR,1,1.0
id_card_0068_glare,glare,address,"21046 WRIGHT WAY APT. 595, PORT ERIK, NY 61687","21046 WRIGHT WAY APT. 595, PORT ERIK, NY 61687",1,1.0
id_card_0068_glare,glare,issue_date,2022-09-03,2022-09-03,1,1.0
id_card_0068_glare,glare,expiry_date,2030-09-01,2030-09-01,1,1.0
id_card_0068_jpeg,jpeg,name,MR. ALEXANDER LANDRY MD,MR. ALEXANDER LANDRY MD,1,1.0
id_card_0068_jpeg,jpeg,dob,1977-09-11,1977-09-11,1,1.0
id_card_0068_jpeg,jpeg,id_number,DL-PD58815HR,DL-PD58815HR,1,1.0
id_card_0068_jpeg,jpeg,address,"21046 WRIGHT WAY APT. 595, PORT ERIK, NY 61687","21046 WRIGHT WAY APT. 595, PORT ERIK, NY 61687",1,1.0
id_card_0068_jpeg,jpeg,issue_date,2022-09-03,2022-09-03,1,1.0
id_card_0068_jpeg,jpeg,expiry_date,2030-09-01,2030-09-01,1,1.0
id_card_0068_rotation,rotation,name,MR. ALEXANDER LANDRY MD,MR. ALEXANDER LANDRY MD,1,1.0
id_card_0068_rotation,rotation,dob,1977-09-11,1977-09-11,1,1.0
id_card_0068_rotation,rotation,id_number,DL-PD58815HR,DL-PD58815HR,1,1.0
id_card_0068_rotation,rotation,address,"21046 WRIGHT WAY APT. 595, PORT ERIK, NY 61687","21046 WRIGHT WAY APT. 595, PORT ERIK, NY 61687",1,1.0
id_card_0068_rotation,rotation,issue_date,2022-09-03,2030-09-01,0,0.7
id_card_0068_rotation,rotation,expiry_date,2030-09-01,2030-09-01,1,1.0
id_card_0069_blur,blur,name,ANGEL GORDON,ANGEL GORDON,1,1.0
id_card_0069_blur,blur,dob,1966-12-11,1966-12-11,1,1.0
id_card_0069_blur,blur,id_number,DL-FM95004PR,DL-FM95004PR,1,1.0
id_card_0069_blur,blur,address,"8016 NICOLE STREAM SUITE 650, WILLIAMSSIDE, ID 48017","8016 NICOLE SIREAM SUITE 650, WILLIAMSSIDE, ID 48017",0,0.9808
id_card_0069_blur,blur,issue_date,2023-05-23,2023-05-23,1,1.0
id_card_0069_blur,blur,expiry_date,2027-05-22,2027-05-22,1,1.0
id_card_0069_combined,combined,name,ANGEL GORDON,ANGEL GORDON,1,1.0
id_card_0069_combined,combined,dob,1966-12-11,1966-12-11,1,1.0
id_card_0069_combined,combined,id_number,DL-FM95004PR,DL-FM95004PR,1,1.0
id_card_0069_combined,combined,address,"8016 NICOLE STREAM SUITE 650, WILLIAMSSIDE, ID 48017","8016 NICOLE STREAM SUITE 650, WILLIAMSSIDE, ID 48017",1,1.0
id_card_0069_combined,combined,issue_date,2023-05-23,2023-05-23,1,1.0
id_card_0069_combined,combined,expiry_date,2027-05-22,2027-05-22,1,1.0
id_card_0069_glare,glare,name,ANGEL GORDON,ANGEL GORDON,1,1.0
id_card_0069_glare,glare,dob,1966-12-11,1966-12-11,1,1.0
id_card_0069_glare,glare,id_number,DL-FM95004PR,DL-FM95004PR,1,1.0
id_card_0069_glare,glare,address,"8016 NICOLE STREAM SUITE 650, WILLIAMSSIDE, ID 48017","8016 NICOLE STREAM SUITE 650, WILLIAMSSIDE, ID 48017",1,1.0
id_card_0069_glare,glare,issue_date,2023-05-23,2023-05-23,1,1.0
id_card_0069_glare,glare,expiry_date,2027-05-22,2027-05-22,1,1.0
id_card_0069_jpeg,jpeg,name,ANGEL GORDON,ANGEL GORDON,1,1.0
id_card_0069_jpeg,jpeg,dob,1966-12-11,1966-12-11,1,1.0
id_card_0069_jpeg,jpeg,id_number,DL-FM95004PR,DL-FM95004PR,1,1.0
id_card_0069_jpeg,jpeg,address,"8016 NICOLE STREAM SUITE 650, WILLIAMSSIDE, ID 48017","8016 NICOLE STREAM SUITE 650, WILLIAMSSIDE, ID 48017",1,1.0
id_card_0069_jpeg,jpeg,issue_date,2023-05-23,2023-05-23,1,1.0
id_card_0069_jpeg,jpeg,expiry_date,2027-05-22,2027-05-22,1,1.0
id_card_0069_rotation,rotation,name,ANGEL GORDON,ANGEL GORDON,1,1.0
id_card_0069_rotation,rotation,dob,1966-12-11,1966-12-11,1,1.0
id_card_0069_rotation,rotation,id_number,DL-FM95004PR,DL-FM95004PR,1,1.0
id_card_0069_rotation,rotation,address,"8016 NICOLE STREAM SUITE 650, WILLIAMSSIDE, ID 48017","8016 NICOLE STREAM SUITE 650, WILLIAMSSIDE, ID 48017",1,1.0
id_card_0069_rotation,rotation,issue_date,2023-05-23,2027-05-22,0,0.8
id_card_0069_rotation,rotation,expiry_date,2027-05-22,2027-05-22,1,1.0
id_card_0070_blur,blur,name,EMILY LONG,EMILY LONG,1,1.0
id_card_0070_blur,blur,dob,2002-07-31,2002-07-31,1,1.0
id_card_0070_blur,blur,id_number,DL-GZ49912XY,DL-GZ49912XY,1,1.0
id_card_0070_blur,blur,address,"523 PORTER CAPE APT. 257, HERNANDEZHAVEN, DC 43488","523 PORTER CAPE APT. 257, HERNANDEZHAVEN, DC 43488",1,1.0
id_card_0070_blur,blur,issue_date,2026-03-28,2026-03-28,1,1.0
id_card_0070_blur,blur,expiry_date,2034-03-26,2034-03-26,1,1.0
id_card_0070_combined,combined,name,EMILY LONG,EMILY LONG,1,1.0
id_card_0070_combined,combined,dob,2002-07-31,2002-07-31,1,1.0
id_card_0070_combined,combined,id_number,DL-GZ49912XY,DL-GZ49912XY,1,1.0
id_card_0070_combined,combined,address,"523 PORTER CAPE APT. 257, HERNANDEZHAVEN, DC 43488","523 PORTER CAPE APT. 257, HERNANDEZHAVEN, DC 43488",1,1.0
id_card_0070_combined,combined,issue_date,2026-03-28,2026-03-28,1,1.0
id_card_0070_combined,combined,expiry_date,2034-03-26,2034-03-26,1,1.0
id_card_0070_glare,glare,name,EMILY LONG,EMILY LONG,1,1.0
id_card_0070_glare,glare,dob,2002-07-31,2002-07-31,1,1.0
id_card_0070_glare,glare,id_number,DL-GZ49912XY,DL-GZ49912XY,1,1.0
id_card_0070_glare,glare,address,"523 PORTER CAPE APT. 257, HERNANDEZHAVEN, DC 43488","523 PORTER CAPE APT. 257, HERNANDEZHAVEN, DC 43488",1,1.0
id_card_0070_glare,glare,issue_date,2026-03-28,2026-03-28,1,1.0
id_card_0070_glare,glare,expiry_date,2034-03-26,2034-03-26,1,1.0
id_card_0070_jpeg,jpeg,name,EMILY LONG,EMILY LONG,1,1.0
id_card_0070_jpeg,jpeg,dob,2002-07-31,2002-07-31,1,1.0
id_card_0070_jpeg,jpeg,id_number,DL-GZ49912XY,DL-GZ49912XY,1,1.0
id_card_0070_jpeg,jpeg,address,"523 PORTER CAPE APT. 257, HERNANDEZHAVEN, DC 43488","523 PORTER CAPE APT. 257, HERNANDEZHAVEN, DC 43488",1,1.0
id_card_0070_jpeg,jpeg,issue_date,2026-03-28,2026-03-28,1,1.0
id_card_0070_jpeg,jpeg,expiry_date,2034-03-26,2034-03-26,1,1.0
id_card_0070_rotation,rotation,name,EMILY LONG,EMILY LONG,1,1.0
id_card_0070_rotation,rotation,dob,2002-07-31,2002-07-31,1,1.0
id_card_0070_rotation,rotation,id_number,DL-GZ49912XY,DL-GZ49912XY,1,1.0
id_card_0070_rotation,rotation,address,"523 PORTER CAPE APT. 257, HERNANDEZHAVEN, DC 43488","523 PORTER CAPE APT. 257, HERNANDEZHAVEN, DC 43488",1,1.0
id_card_0070_rotation,rotation,issue_date,2026-03-28,2034-03-26,0,0.7
id_card_0070_rotation,rotation,expiry_date,2034-03-26,2034-03-26,1,1.0
id_card_0071_blur,blur,name,MICHELLE HAMPTON,MICHELLE HAMPTON,1,1.0
id_card_0071_blur,blur,dob,1992-07-07,1992-07-07,1,1.0
id_card_0071_blur,blur,id_number,DL-FT95888KT,DL-FT95888KT,1,1.0
id_card_0071_blur,blur,address,"55169 ROBLES STREAM APT. 974, LAKE BRETT, NJ 22850","55169 ROBLES SIREAM APT. 974, LAKE BRETT, NJ 22850",0,0.98
id_card_0071_blur,blur,issue_date,2024-02-08,2024-02-08,1,1.0
id_card_0071_blur,blur,expiry_date,2030-02-06,2030-02-06,1,1.0
id_card_0071_combined,combined,name,MICHELLE HAMPTON,MICHELLE HAMPTON,1,1.0
id_card_0071_combined,combined,dob,1992-07-07,1992-07-07,1,1.0
id_card_0071_combined,combined,id_number,DL-FT95888KT,DL-FT95888KT,1,1.0
id_card_0071_combined,combined,address,"55169 ROBLES STREAM APT. 974, LAKE BRETT, NJ 22850","55169 ROBLES STREAM APT. 974, LAKE BRETT, NJ 22850",1,1.0
id_card_0071_combined,combined,issue_date,2024-02-08,2024-02-08,1,1.0
id_card_0071_combined,combined,expiry_date,2030-02-06,2030-02-06,1,1.0
id_card_0071_glare,glare,name,MICHELLE HAMPTON,MICHELLE HAMPTON,1,1.0
id_card_0071_glare,glare,dob,1992-07-07,1992-07-07,1,1.0
id_card_0071_glare,glare,id_number,DL-FT95888KT,DL-FT95888KT,1,1.0
id_card_0071_glare,glare,address,"55169 ROBLES STREAM APT. 974, LAKE BRETT, NJ 22850","55169 ROBLES STREAM APT. 974, LAKE BRETT, NJ 22850",1,1.0
id_card_0071_glare,glare,issue_date,2024-02-08,2024-02-08,1,1.0
id_card_0071_glare,glare,expiry_date,2030-02-06,2030-02-06,1,1.0
id_card_0071_jpeg,jpeg,name,MICHELLE HAMPTON,MICHELLE HAMPTON,1,1.0
id_card_0071_jpeg,jpeg,dob,1992-07-07,1992-07-07,1,1.0
id_card_0071_jpeg,jpeg,id_number,DL-FT95888KT,DL-FT95888KT,1,1.0
id_card_0071_jpeg,jpeg,address,"55169 ROBLES STREAM APT. 974, LAKE BRETT, NJ 22850","55169 ROBLES STREAM APT. 974, LAKE BRETT, NJ 22850",1,1.0
id_card_0071_jpeg,jpeg,issue_date,2024-02-08,2024-02-08,1,1.0
id_card_0071_jpeg,jpeg,expiry_date,2030-02-06,2030-02-06,1,1.0
id_card_0071_rotation,rotation,name,MICHELLE HAMPTON,MICHELLE HAMPTON,1,1.0
id_card_0071_rotation,rotation,dob,1992-07-07,1992-07-07,1,1.0
id_card_0071_rotation,rotation,id_number,DL-FT95888KT,DL-FT95888KT,1,1.0
id_card_0071_rotation,rotation,address,"55169 ROBLES STREAM APT. 974, LAKE BRETT, NJ 22850","55169 ROBLES STREAM APT. 974, LAKE BRETT, NJ 22850",1,1.0
id_card_0071_rotation,rotation,issue_date,2024-02-08,2030-02-06,0,0.7
id_card_0071_rotation,rotation,expiry_date,2030-02-06,2030-02-06,1,1.0
id_card_0072_blur,blur,name,MRS. JAMIE FRYE DDS,MRS. JAMIE FRYE DDS,1,1.0
id_card_0072_blur,blur,dob,1976-06-07,1976-06-07,1,1.0
id_card_0072_blur,blur,id_number,DL-BC30913UA,DL-BC30913UA,1,1.0
id_card_0072_blur,blur,address,"3689 SALAS STREET, LAKE DEVINBOROUGH, OH 43105","3689 SALAS SIREET, LAKE DEVINBOROUGH, OH 43105",0,0.9783
id_card_0072_blur,blur,issue_date,2022-10-26,2022-10-26,1,1.0
id_card_0072_blur,blur,expiry_date,2028-10-24,2028-10-24,1,1.0
id_card_0072_combined,combined,name,MRS. JAMIE FRYE DDS,MRS. JAMIE FRYE DDS,1,1.0
id_card_0072_combined,combined,dob,1976-06-07,1976-06-07,1,1.0
id_card_0072_combined,combined,id_number,DL-BC30913UA,DL-BC30913UA,1,1.0
id_card_0072_combined,combined,address,"3689 SALAS STREET, LAKE DEVINBOROUGH, OH 43105","3689 SALAS STREET, LAKE DEVINBOROUGH, OH 43105",1,1.0
id_card_0072_combined,combined,issue_date,2022-10-26,2022-10-26,1,1.0
id_card_0072_combined,combined,expiry_date,2028-10-24,2028-10-24,1,1.0
id_card_0072_glare,glare,name,MRS. JAMIE FRYE DDS,MRS. JAMIE FRYE DDS,1,1.0
id_card_0072_glare,glare,dob,1976-06-07,1976-06-07,1,1.0
id_card_0072_glare,glare,id_number,DL-BC30913UA,DL-BC30913UA,1,1.0
id_card_0072_glare,glare,address,"3689 SALAS STREET, LAKE DEVINBOROUGH, OH 43105","3689 SALAS STREET, LAKE DEVINBOROUGH, OH 43105",1,1.0
id_card_0072_glare,glare,issue_date,2022-10-26,2022-10-26,1,1.0
id_card_0072_glare,glare,expiry_date,2028-10-24,2028-10-24,1,1.0
id_card_0072_jpeg,jpeg,name,MRS. JAMIE FRYE DDS,MRS. JAMIE FRYE DDS,1,1.0
id_card_0072_jpeg,jpeg,dob,1976-06-07,1976-06-07,1,1.0
id_card_0072_jpeg,jpeg,id_number,DL-BC30913UA,DL-8C30913UA,0,0.9167
id_card_0072_jpeg,jpeg,address,"3689 SALAS STREET, LAKE DEVINBOROUGH, OH 43105","3689 SALAS STREET, LAKE DEVINBOROUGH, OH 43105",1,1.0
id_card_0072_jpeg,jpeg,issue_date,2022-10-26,2022-10-26,1,1.0
id_card_0072_jpeg,jpeg,expiry_date,2028-10-24,2028-10-24,1,1.0
id_card_0072_rotation,rotation,name,MRS. JAMIE FRYE DDS,MRS. JAMIE FRYE DDS,1,1.0
id_card_0072_rotation,rotation,dob,1976-06-07,1976-06-07,1,1.0
id_card_0072_rotation,rotation,id_number,DL-BC30913UA,DL-BC30913UA,1,1.0
id_card_0072_rotation,rotation,address,"3689 SALAS STREET, LAKE DEVINBOROUGH, OH 43105","3689 SALAS STREET, LAKE DEVINBOROUGH, OH 43105",1,1.0
id_card_0072_rotation,rotation,issue_date,2022-10-26,2028-10-24,0,0.8
id_card_0072_rotation,rotation,expiry_date,2028-10-24,2028-10-24,1,1.0
id_card_0073_blur,blur,name,REGINA ROBERTS,REGINA ROBERTS,1,1.0
id_card_0073_blur,blur,dob,1986-11-03,1986-11-03,1,1.0
id_card_0073_blur,blur,id_number,DL-MP85497RJ,DL-MP85497RJ,1,1.0
id_card_0073_blur,blur,address,"44375 BAILEY UNDERPASS SUITE 419, HUANGFURT, GU 45738","44375 BAILEY UNDERPASS SUITE 419, HUANGFURT, GU 45738",1,1.0
id_card_0073_blur,blur,issue_date,2024-06-21,2024-06-21,1,1.0
id_card_0073_blur,blur,expiry_date,2028-06-20,2028-06-20,1,1.0
id_card_0073_combined,combined,name,REGINA ROBERTS,REGINA ROBERTS,1,1.0
id_card_0073_combined,combined,dob,1986-11-03,1986-11-03,1,1.0
id_card_0073_combined,combined,id_number,DL-MP85497RJ,DL-MP85497RJ,1,1.0
id_card_0073_combined,combined,address,"44375 BAILEY UNDERPASS SUITE 419, HUANGFURT, GU 45738","44375 BAILEY UNDERPASS SUITE 419, HUANGFURT, GU 45738",1,1.0
id_card_0073_combined,combined,issue_date,2024-06-21,2024-06-21,1,1.0
id_card_0073_combined,combined,expiry_date,2028-06-20,2028-06-20,1,1.0
id_card_0073_glare,glare,name,REGINA ROBERTS,REGINA ROBERTS,1,1.0
id_card_0073_glare,glare,dob,1986-11-03,1986-11-03,1,1.0
id_card_0073_glare,glare,id_number,DL-MP85497RJ,DL-MP85497RJ,1,1.0
id_card_0073_glare,glare,address,"44375 BAILEY UNDERPASS SUITE 419, HUANGFURT, GU 45738","44375 BAILEY UNDERPASS SUITE 419, HUANGFURT, GU 45738",1,1.0
id_card_0073_glare,glare,issue_date,2024-06-21,2024-06-21,1,1.0
id_card_0073_glare,glare,expiry_date,2028-06-20,2028-06-20,1,1.0
id_card_0073_jpeg,jpeg,name,REGINA ROBERTS,REGINA ROBERTS,1,1.0
id_card_0073_jpeg,jpeg,dob,1986-11-03,1986-11-03,1,1.0
id_card_0073_jpeg,jpeg,id_number,DL-MP85497RJ,DL-MP85497RJ,1,1.0
id_card_0073_jpeg,jpeg,address,"44375 BAILEY UNDERPASS SUITE 419, HUANGFURT, GU 45738","44375 BAILEY UNDERPASS SUITE 419, HUANGFURT, GU 45738",1,1.0
id_card_0073_jpeg,jpeg,issue_date,2024-06-21,2024-06-21,1,1.0
id_card_0073_jpeg,jpeg,expiry_date,2028-06-20,2028-06-20,1,1.0
id_card_0073_rotation,rotation,name,REGINA ROBERTS,REGINA ROBERTS,1,1.0
id_card_0073_rotation,rotation,dob,1986-11-03,1986-11-03,1,1.0
id_card_0073_rotation,rotation,id_number,DL-MP85497RJ,DL-MP85497RJ,1,1.0
id_card_0073_rotation,rotation,address,"44375 BAILEY UNDERPASS SUITE 419, HUANGFURT, GU 45738","44375 BAILEY UNDERPASS SUITE 419, HUANGFURT, GU 45738",1,1.0
id_card_0073_rotation,rotation,issue_date,2024-06-21,2028-06-20,0,0.8
id_card_0073_rotation,rotation,expiry_date,2028-06-20,2028-06-20,1,1.0
id_card_0074_blur,blur,name,ABIGAIL PIERCE,ABIGAIL PIERCE,1,1.0
id_card_0074_blur,blur,dob,1970-02-19,1970-02-19,1,1.0
id_card_0074_blur,blur,id_number,DL-MI57473RJ,DL-MI57473RJ,1,1.0
id_card_0074_blur,blur,address,"19933 ELIZABETH PINES APT. 301, RIVERAFORT, CT 89786","19933 ELIZABETH PINES APT. 301, RIVERAFORT, CT 89786",1,1.0
id_card_0074_blur,blur,issue_date,2022-03-26,2022-03-26,1,1.0
id_card_0074_blur,blur,expiry_date,2027-03-25,2027-03-25,1,1.0
id_card_0074_combined,combined,name,ABIGAIL PIERCE,ABIGAIL PIERCE,1,1.0
id_card_0074_combined,combined,dob,1970-02-19,1970-02-19,1,1.0
id_card_0074_combined,combined,id_number,DL-MI57473RJ,DL-MI57473RJ,1,1.0
id_card_0074_combined,combined,address,"19933 ELIZABETH PINES APT. 301, RIVERAFORT, CT 89786","19933 ELIZABETH PINES APT. 301, RIVERAFORT, CT 89786",1,1.0
id_card_0074_combined,combined,issue_date,2022-03-26,2022-03-26,1,1.0
id_card_0074_combined,combined,expiry_date,2027-03-25,2027-03-25,1,1.0
id_card_0074_glare,glare,name,ABIGAIL PIERCE,ABIGAIL PIERCE,1,1.0
id_card_0074_glare,glare,dob,1970-02-19,1970-02-19,1,1.0
id_card_0074_glare,glare,id_number,DL-MI57473RJ,DL-MI57473RJ,1,1.0
id_card_0074_glare,glare,address,"19933 ELIZABETH PINES APT. 301, RIVERAFORT, CT 89786","19933 ELIZABETH PINES APT. 301, RIVERAFORT, CT 89786",1,1.0
id_card_0074_glare,glare,issue_date,2022-03-26,2022-03-26,1,1.0
id_card_0074_glare,glare,expiry_date,2027-03-25,2027-03-25,1,1.0
id_card_0074_jpeg,jpeg,name,ABIGAIL PIERCE,ABIGAIL PIERCE,1,1.0
id_card_0074_jpeg,jpeg,dob,1970-02-19,1970-02-19,1,1.0
id_card_0074_jpeg,jpeg,id_number,DL-MI57473RJ,DL-MI57473RJ,1,1.0
id_card_0074_jpeg,jpeg,address,"19933 ELIZABETH PINES APT. 301, RIVERAFORT, CT 89786","19933 ELIZABETH PINES APT. 301, RIVERAFORT, CT 89786",1,1.0
id_card_0074_jpeg,jpeg,issue_date,2022-03-26,2022-03-26,1,1.0
id_card_0074_jpeg,jpeg,expiry_date,2027-03-25,2027-03-25,1,1.0
id_card_0074_rotation,rotation,name,ABIGAIL PIERCE,ABIGAIL PIERCE,1,1.0
id_card_0074_rotation,rotation,dob,1970-02-19,1970-02-19,1,1.0
id_card_0074_rotation,rotation,id_number,DL-MI57473RJ,DL-MI57473RJ,1,1.0
id_card_0074_rotation,rotation,address,"19933 ELIZABETH PINES APT. 301, RIVERAFORT, CT 89786","19933 ELIZABETH PINES APT. 301, RIVERAFORT, CT 89786",1,1.0
id_card_0074_rotation,rotation,issue_date,2022-03-26,2027-03-25,0,0.8
id_card_0074_rotation,rotation,expiry_date,2027-03-25,2027-03-25,1,1.0
id_card_0075_blur,blur,name,JENNIFER SIMPSON DVM,JENNIFER SIMPSON DVM,1,1.0
id_card_0075_blur,blur,dob,1961-04-23,1961-04-23,1,1.0
id_card_0075_blur,blur,id_number,DL-SP77345DX,DL-SP77345DX,1,1.0
id_card_0075_blur,blur,address,"938 ROBIN EXTENSIONS, KHANBURGH, PW 05264","938 ROBIN EXTENSIONS, KHANBURGH, PW 05264",1,1.0
id_card_0075_blur,blur,issue_date,2025-01-08,2025-01-08,1,1.0
id_card_0075_blur,blur,expiry_date,2029-01-07,2029-01-07,1,1.0
id_card_0075_combined,combined,name,JENNIFER SIMPSON DVM,JENNIFER SIMPSON DVM,1,1.0
id_card_0075_combined,combined,dob,1961-04-23,1961-04-23,1,1.0
id_card_0075_combined,combined,id_number,DL-SP77345DX,DL-SP77345DX,1,1.0
id_card_0075_combined,combined,address,"938 ROBIN EXTENSIONS, KHANBURGH, PW 05264","938 ROBIN EXTENSIONS, KHANBURGH, PW 05264",1,1.0
id_card_0075_combined,combined,issue_date,2025-01-08,2025-01-08,1,1.0
id_card_0075_combined,combined,expiry_date,2029-01-07,2029-01-07,1,1.0
id_card_0075_glare,glare,name,JENNIFER SIMPSON DVM,JENNIFER SIMPSON DVM,1,1.0
id_card_0075_glare,glare,dob,1961-04-23,1961-04-23,1,1.0
id_card_0075_glare,glare,id_number,DL-SP77345DX,DL-SP77345DX,1,1.0
id_card_0075_glare,glare,address,"938 ROBIN EXTENSIONS, KHANBURGH, PW 05264","938 ROBIN EXTENSIONS, KHANBURGH, PW 05264",1,1.0
id_card_0075_glare,glare,issue_date,2025-01-08,2025-01-08,1,1.0
id_card_0075_glare,glare,expiry_date,2029-01-07,2029-01-07,1,1.0
id_card_0075_jpeg,jpeg,name,JENNIFER SIMPSON DVM,JENNIFER SIMPSON DVM,1,1.0
id_card_0075_jpeg,jpeg,dob,1961-04-23,1961-04-23,1,1.0
id_card_0075_jpeg,jpeg,id_number,DL-SP77345DX,DL-SP77345DX,1,1.0
id_card_0075_jpeg,jpeg,address,"938 ROBIN EXTENSIONS, KHANBURGH, PW 05264","938 ROBIN EXTENSIONS, KHANBURGH, PW 05264",1,1.0
id_card_0075_jpeg,jpeg,issue_date,2025-01-08,2025-01-08,1,1.0
id_card_0075_jpeg,jpeg,expiry_date,2029-01-07,2029-01-07,1,1.0
id_card_0075_rotation,rotation,name,JENNIFER SIMPSON DVM,JENNIFER SIMPSON DVM,1,1.0
id_card_0075_rotation,rotation,dob,1961-04-23,1961-04-23,1,1.0
id_card_0075_rotation,rotation,id_number,DL-SP77345DX,DL-SP77345DX,1,1.0
id_card_0075_rotation,rotation,address,"938 ROBIN EXTENSIONS, KHANBURGH, PW 05264","938 ROBIN EXTENSIONS, KHANBURGH, PW 05264",1,1.0
id_card_0075_rotation,rotation,issue_date,2025-01-08,2029-01-07,0,0.8
id_card_0075_rotation,rotation,expiry_date,2029-01-07,2029-01-07,1,1.0
id_card_0076_blur,blur,name,STEPHANIE WILCOX,STEPHANIE WILCOX,1,1.0
id_card_0076_blur,blur,dob,1970-04-05,1970-04-05,1,1.0
id_card_0076_blur,blur,id_number,DL-VS04991DP,DL-VS04991DP,1,1.0
id_card_0076_blur,blur,address,"87431 MARTIN MOUNT SUITE 205, ASHLEYBOROUGH, HI 80580","87431 MARTIN MOUNT SUITE 205, ASHLEYBOROUGH, HI 80580",1,1.0
id_card_0076_blur,blur,issue_date,2021-11-17,2021-11-17,1,1.0
id_card_0076_blur,blur,expiry_date,2027-11-16,2027-11-16,1,1.0
id_card_0076_combined,combined,name,STEPHANIE WILCOX,STEPHANIE WILCOX,1,1.0
id_card_0076_combined,combined,dob,1970-04-05,1970-04-05,1,1.0
id_card_0076_combined,combined,id_number,DL-VS04991DP,DL-VS04991DP,1,1.0
id_card_0076_combined,combined,address,"87431 MARTIN MOUNT SUITE 205, ASHLEYBOROUGH, HI 80580","87431 MARTIN MOUNT SUITE 205, ASHLEYBOROUGH, HI 80580",1,1.0
id_card_0076_combined,combined,issue_date,2021-11-17,2021-11-17,1,1.0
id_card_0076_combined,combined,expiry_date,2027-11-16,2027-11-16,1,1.0
id_card_0076_glare,glare,name,STEPHANIE WILCOX,STEPHANIE WILCOX,1,1.0
id_card_0076_glare,glare,dob,1970-04-05,1970-04-05,1,1.0
id_card_0076_glare,glare,id_number,DL-VS04991DP,DL-VS04991DP,1,1.0
id_card_0076_glare,glare,address,"87431 MARTIN MOUNT SUITE 205, ASHLEYBOROUGH, HI 80580","87431 MARTIN MOUNT SUITE 205, ASHLEYBOROUGH, HI 80580",1,1.0
id_card_0076_glare,glare,issue_date,2021-11-17,2021-11-17,1,1.0
id_card_0076_glare,glare,expiry_date,2027-11-16,2027-11-16,1,1.0
id_card_0076_jpeg,jpeg,name,STEPHANIE WILCOX,STEPHANIE WILCOX,1,1.0
id_card_0076_jpeg,jpeg,dob,1970-04-05,1970-04-05,1,1.0
id_card_0076_jpeg,jpeg,id_number,DL-VS04991DP,DL-VS04991DP,1,1.0
id_card_0076_jpeg,jpeg,address,"87431 MARTIN MOUNT SUITE 205, ASHLEYBOROUGH, HI 80580","87431 MARTIN MOUNT SUITE 205, ASHLEYBOROUGH, HI 80580",1,1.0
id_card_0076_jpeg,jpeg,issue_date,2021-11-17,2021-11-17,1,1.0
id_card_0076_jpeg,jpeg,expiry_date,2027-11-16,2027-11-16,1,1.0
id_card_0076_rotation,rotation,name,STEPHANIE WILCOX,STEPHANIE WILCOX,1,1.0
id_card_0076_rotation,rotation,dob,1970-04-05,1970-04-05,1,1.0
id_card_0076_rotation,rotation,id_number,DL-VS04991DP,DL-VS04991DP,1,1.0
id_card_0076_rotation,rotation,address,"87431 MARTIN MOUNT SUITE 205, ASHLEYBOROUGH, HI 80580","87431 MARTIN MOUNT SUITE 205, ASHLEYBOROUGH, HI 80580",1,1.0
id_card_0076_rotation,rotation,issue_date,2021-11-17,2027-11-16,0,0.8
id_card_0076_rotation,rotation,expiry_date,2027-11-16,2027-11-16,1,1.0
id_card_0077_blur,blur,name,TAMMY BARRON,TAMMY BARRON,1,1.0
id_card_0077_blur,blur,dob,1985-08-17,1985-08-17,1,1.0
id_card_0077_blur,blur,id_number,DL-EU16122PA,DL-EU16122PA,1,1.0
id_card_0077_blur,blur,address,"3745 AGUILAR PORTS APT. 453, LAKE DAVIDPORT, GA 53639","3745 AGUILAR PORTS APT. 453, LAKE DAVIDPORT, GA 53639",1,1.0
id_card_0077_blur,blur,issue_date,2024-05-07,2024-05-07,1,1.0
id_card_0077_blur,blur,expiry_date,2029-05-06,2029-05-06,1,1.0
id_card_0077_combined,combined,name,TAMMY BARRON,TAMMY BARRON,1,1.0
id_card_0077_combined,combined,dob,1985-08-17,1985-08-17,1,1.0
id_card_0077_combined,combined,id_number,DL-EU16122PA,DL-EU16122PA,1,1.0
id_card_0077_combined,combined,address,"3745 AGUILAR PORTS APT. 453, LAKE DAVIDPORT, GA 53639","3745 AGUILAR PORTS APT. 453, LAKE DAVIDPORT, GA 53639",1,1.0
id_card_0077_combined,combined,issue_date,2024-05-07,2024-05-07,1,1.0
id_card_0077_combined,combined,expiry_date,2029-05-06,2029-05-06,1,1.0
id_card_0077_glare,glare,name,TAMMY BARRON,TAMMY BARRON,1,1.0
id_card_0077_glare,glare,dob,1985-08-17,1985-08-17,1,1.0
id_card_0077_glare,glare,id_number,DL-EU16122PA,DL-EU16122PA,1,1.0
id_card_0077_glare,glare,address,"3745 AGUILAR PORTS APT. 453, LAKE DAVIDPORT, GA 53639","3745 AGUILAR PORTS APT. 453, LAKE DAVIDPORT, GA 53639",1,1.0
id_card_0077_glare,glare,issue_date,2024-05-07,2024-05-07,1,1.0
id_card_0077_glare,glare,expiry_date,2029-05-06,2029-05-06,1,1.0
id_card_0077_jpeg,jpeg,name,TAMMY BARRON,TAMMY BARRON,1,1.0
id_card_0077_jpeg,jpeg,dob,1985-08-17,1985-08-17,1,1.0
id_card_0077_jpeg,jpeg,id_number,DL-EU16122PA,DL-EU16122PA,1,1.0
id_card_0077_jpeg,jpeg,address,"3745 AGUILAR PORTS APT. 453, LAKE DAVIDPORT, GA 53639","3745 AGUILAR PORTS APT. 453, LAKE DAVIDPORT, GA 53639",1,1.0
id_card_0077_jpeg,jpeg,issue_date,2024-05-07,2024-05-07,1,1.0
id_card_0077_jpeg,jpeg,expiry_date,2029-05-06,2029-05-06,1,1.0
id_card_0077_rotation,rotation,name,TAMMY BARRON,TAMMY BARRON,1,1.0
id_card_0077_rotation,rotation,dob,1985-08-17,1985-08-17,1,1.0
id_card_0077_rotation,rotation,id_number,DL-EU16122PA,DL-EU16122PA,1,1.0
id_card_0077_rotation,rotation,address,"3745 AGUILAR PORTS APT. 453, LAKE DAVIDPORT, GA 53639","3745 AGUILAR PORTS APT. 453, LAKE DAVIDPORT, GA 53639",1,1.0
id_card_0077_rotation,rotation,issue_date,2024-05-07,2029-05-06,0,0.8
id_card_0077_rotation,rotation,expiry_date,2029-05-06,2029-05-06,1,1.0
id_card_0078_blur,blur,name,RONALD LEACH,RONALD LEACH,1,1.0
id_card_0078_blur,blur,dob,2002-12-13,2002-12-13,1,1.0
id_card_0078_blur,blur,id_number,DL-OI14593EJ,DL-OI14593EJ,1,1.0
id_card_0078_blur,blur,address,"956 TODD UNIONS APT. 391, RICESTAD, CA 74447","956 TODD UNIONS APT. 391, RICESIAD, CA 74447",0,0.9773
id_card_0078_blur,blur,issue_date,2024-03-16,2024-03-16,1,1.0
id_card_0078_blur,blur,expiry_date,2030-03-15,2030-03-15,1,1.0
id_card_0078_combined,combined,name,RONALD LEACH,RONALD LEACH,1,1.0
id_card_0078_combined,combined,dob,2002-12-13,2002-12-13,1,1.0
id_card_0078_combined,combined,id_number,DL-OI14593EJ,DL-OI14593EJ,1,1.0
id_card_0078_combined,combined,address,"956 TODD UNIONS APT. 391, RICESTAD, CA 74447","956 TODD UNIONS APT. 391, RICESTAD, CA 74447",1,1.0
id_card_0078_combined,combined,issue_date,2024-03-16,2024-03-16,1,1.0
id_card_0078_combined,combined,expiry_date,2030-03-15,2030-03-15,1,1.0
id_card_0078_glare,glare,name,RONALD LEACH,RONALD LEACH,1,1.0
id_card_0078_glare,glare,dob,2002-12-13,2002-12-13,1,1.0
id_card_0078_glare,glare,id_number,DL-OI14593EJ,DL-OI14593EJ,1,1.0
id_card_0078_glare,glare,address,"956 TODD UNIONS APT. 391, RICESTAD, CA 74447","956 TODD UNIONS APT. 391, RICESTAD, CA 74447",1,1.0
id_card_0078_glare,glare,issue_date,2024-03-16,2024-03-16,1,1.0
id_card_0078_glare,glare,expiry_date,2030-03-15,2030-03-15,1,1.0
id_card_0078_jpeg,jpeg,name,RONALD LEACH,RONALD LEACH,1,1.0
id_card_0078_jpeg,jpeg,dob,2002-12-13,2002-12-13,1,1.0
id_card_0078_jpeg,jpeg,id_number,DL-OI14593EJ,DL-OI14593EJ,1,1.0
id_card_0078_jpeg,jpeg,address,"956 TODD UNIONS APT. 391, RICESTAD, CA 74447","956 TODD UNIONS APT. 391, RICESTAD, CA 74447",1,1.0
id_card_0078_jpeg,jpeg,issue_date,2024-03-16,2024-03-16,1,1.0
id_card_0078_jpeg,jpeg,expiry_date,2030-03-15,2030-03-15,1,1.0
id_card_0078_rotation,rotation,name,RONALD LEACH,RONALD LEACH,1,1.0
id_card_0078_rotation,rotation,dob,2002-12-13,2002-12-13,1,1.0
id_card_0078_rotation,rotation,id_number,DL-OI14593EJ,DL-OI14593EJ,1,1.0
id_card_0078_rotation,rotation,address,"956 TODD UNIONS APT. 391, RICESTAD, CA 74447","956 TODD UNIONS APT. 391, RICESTAD, CA 74447",1,1.0
id_card_0078_rotation,rotation,issue_date,2024-03-16,2030-03-15,0,0.7
id_card_0078_rotation,rotation,expiry_date,2030-03-15,2030-03-15,1,1.0
id_card_0079_blur,blur,name,GREGORY BROWN,GREGORY BROWN,1,1.0
id_card_0079_blur,blur,dob,1964-04-26,1964-04-26,1,1.0
id_card_0079_blur,blur,id_number,DL-CH82258RN,DL-CH82258RN,1,1.0
id_card_0079_blur,blur,address,"87072 BRYANT CENTERS SUITE 406, LISABOROUGH, OR 10073","87072 BRYANT CENTERS SUITE 406, LISABOROUGH, OR 10073",1,1.0
id_card_0079_blur,blur,issue_date,2026-06-07,2026-06-07,1,1.0
id_card_0079_blur,blur,expiry_date,2032-06-05,2032-06-05,1,1.0
id_card_0079_combined,combined,name,GREGORY BROWN,GREGORY BROWN,1,1.0
id_card_0079_combined,combined,dob,1964-04-26,1964-04-26,1,1.0
id_card_0079_combined,combined,id_number,DL-CH82258RN,DL-CH82258RN,1,1.0
id_card_0079_combined,combined,address,"87072 BRYANT CENTERS SUITE 406, LISABOROUGH, OR 10073","87072 BRYANT CENTERS SUITE 406, LISABOROUGH, OR 10073",1,1.0
id_card_0079_combined,combined,issue_date,2026-06-07,2026-06-07,1,1.0
id_card_0079_combined,combined,expiry_date,2032-06-05,2032-06-05,1,1.0
id_card_0079_glare,glare,name,GREGORY BROWN,GREGORY BROWN,1,1.0
id_card_0079_glare,glare,dob,1964-04-26,1964-04-26,1,1.0
id_card_0079_glare,glare,id_number,DL-CH82258RN,DL-CH82258RN,1,1.0
id_card_0079_glare,glare,address,"87072 BRYANT CENTERS SUITE 406, LISABOROUGH, OR 10073","87072 BRYANT CENTERS SUITE 406, LISABOROUGH, OR 10073",1,1.0
id_card_0079_glare,glare,issue_date,2026-06-07,2026-06-07,1,1.0
id_card_0079_glare,glare,expiry_date,2032-06-05,2032-06-05,1,1.0
id_card_0079_jpeg,jpeg,name,GREGORY BROWN,GREGORY BROWN,1,1.0
id_card_0079_jpeg,jpeg,dob,1964-04-26,1964-04-26,1,1.0
id_card_0079_jpeg,jpeg,id_number,DL-CH82258RN,DL-CH82258RN,1,1.0
id_card_0079_jpeg,jpeg,address,"87072 BRYANT CENTERS SUITE 406, LISABOROUGH, OR 10073","87072 BRYANT CENTERS SUITE 406, LISABOROUGH, OR 10073",1,1.0
id_card_0079_jpeg,jpeg,issue_date,2026-06-07,2026-06-07,1,1.0
id_card_0079_jpeg,jpeg,expiry_date,2032-06-05,2032-06-05,1,1.0
id_card_0079_rotation,rotation,name,GREGORY BROWN,GREGORY BROWN,1,1.0
id_card_0079_rotation,rotation,dob,1964-04-26,1964-04-26,1,1.0
id_card_0079_rotation,rotation,id_number,DL-CH82258RN,DL-CH82258RN,1,1.0
id_card_0079_rotation,rotation,address,"87072 BRYANT CENTERS SUITE 406, LISABOROUGH, OR 10073","87072 BRYANT CENTERS SUITE 406, LISABOROUGH, OR 10073",1,1.0
id_card_0079_rotation,rotation,issue_date,2026-06-07,2032-06-05,0,0.7
id_card_0079_rotation,rotation,expiry_date,2032-06-05,2032-06-05,1,1.0
id_card_0080_blur,blur,name,VERONICA FORD,VERONICA FORD,1,1.0
id_card_0080_blur,blur,dob,1954-08-30,1954-08-30,1,1.0
id_card_0080_blur,blur,id_number,DL-XI70462XP,DL-XI70462XP,1,1.0
id_card_0080_blur,blur,address,"6766 FELICIA SHORE APT. 512, RICEBURY, MP 00956","6766 FELICIA SHORE APT. 512, RICEBURY, MP 00956",1,1.0
id_card_0080_blur,blur,issue_date,2022-02-23,2022-02-23,1,1.0
id_card_0080_blur,blur,expiry_date,2027-02-22,2027-02-22,1,1.0
id_card_0080_combined,combined,name,VERONICA FORD,VERONICA FORD,1,1.0
id_card_0080_combined,combined,dob,1954-08-30,1954-08-30,1,1.0
id_card_0080_combined,combined,id_number,DL-XI70462XP,DL-XI70462XP,1,1.0
id_card_0080_combined,combined,address,"6766 FELICIA SHORE APT. 512, RICEBURY, MP 00956","6766 FELICIA SHORE APT. 512, RICEBURY, MP 00956",1,1.0
id_card_0080_combined,combined,issue_date,2022-02-23,2022-02-23,1,1.0
id_card_0080_combined,combined,expiry_date,2027-02-22,2027-02-22,1,1.0
id_card_0080_glare,glare,name,VERONICA FORD,VERONICA FORD,1,1.0
id_card_0080_glare,glare,dob,1954-08-30,1954-08-30,1,1.0
id_card_0080_glare,glare,id_number,DL-XI70462XP,DL-XI70462XP,1,1.0
id_card_0080_glare,glare,address,"6766 FELICIA SHORE APT. 512, RICEBURY, MP 00956","6766 FELICIA SHORE APT. 512, RICEBURY, MP 00956",1,1.0
id_card_0080_glare,glare,issue_date,2022-02-23,2022-02-23,1,1.0
id_card_0080_glare,glare,expiry_date,2027-02-22,2027-02-22,1,1.0
id_card_0080_jpeg,jpeg,name,VERONICA FORD,VERONICA FORD,1,1.0
id_card_0080_jpeg,jpeg,dob,1954-08-30,1954-08-30,1,1.0
id_card_0080_jpeg,jpeg,id_number,DL-XI70462XP,DL-XI70462XP,1,1.0
id_card_0080_jpeg,jpeg,address,"6766 FELICIA SHORE APT. 512, RICEBURY, MP 00956","6766 FELICIA SHORE APT. 512, RICEBURY, MP 00956",1,1.0
id_card_0080_jpeg,jpeg,issue_date,2022-02-23,2022-02-23,1,1.0
id_card_0080_jpeg,jpeg,expiry_date,2027-02-22,2027-02-22,1,1.0
id_card_0080_rotation,rotation,name,VERONICA FORD,VERONICA FORD,1,1.0
id_card_0080_rotation,rotation,dob,1954-08-30,1954-08-30,1,1.0
id_card_0080_rotation,rotation,id_number,DL-XI70462XP,DL-XI70462XP,1,1.0
id_card_0080_rotation,rotation,address,"6766 FELICIA SHORE APT. 512, RICEBURY, MP 00956","6766 FELICIA SHORE APT. 512, RICEBURY, MP 00956",1,1.0
id_card_0080_rotation,rotation,issue_date,2022-02-23,2027-02-22,0,0.8
id_card_0080_rotation,rotation,expiry_date,2027-02-22,2027-02-22,1,1.0
id_card_0081_blur,blur,name,JEFFREY FERNANDEZ,JEFFREY FERNANDEZ,1,1.0
id_card_0081_blur,blur,dob,1999-07-01,1999-07-01,1,1.0
id_card_0081_blur,blur,id_number,DL-DW68633JR,DL-DW68633JR,1,1.0
id_card_0081_blur,blur,address,"106 JOHN CLIFF, NEW ARTHURTON, IA 97565","106 JOHN CLIFF, NEW ARTHURTON, IA 97565",1,1.0
id_card_0081_blur,blur,issue_date,2026-03-11,2026-03-11,1,1.0
id_card_0081_blur,blur,expiry_date,2031-03-10,2031-03-10,1,1.0
id_card_0081_combined,combined,name,JEFFREY FERNANDEZ,JEFFREY FERNANDEZ,1,1.0
id_card_0081_combined,combined,dob,1999-07-01,1999-07-01,1,1.0
id_card_0081_combined,combined,id_number,DL-DW68633JR,DL-DW68633JR,1,1.0
id_card_0081_combined,combined,address,"106 JOHN CLIFF, NEW ARTHURTON, IA 97565","106 JOHN CLIFF, NEW ARTHURTON, IA 97565",1,1.0
id_card_0081_combined,combined,issue_date,2026-03-11,2026-03-11,1,1.0
id_card_0081_combined,combined,expiry_date,2031-03-10,2031-03-10,1,1.0
id_card_0081_glare,glare,name,JEFFREY FERNANDEZ,JEFFREY FERNANDEZ,1,1.0
id_card_0081_glare,glare,dob,1999-07-01,1999-07-01,1,1.0
id_card_0081_glare,glare,id_number,DL-DW68633JR,DL-DW68633JR,1,1.0
id_card_0081_glare,glare,address,"106 JOHN CLIFF, NEW ARTHURTON, IA 97565","106 JOHN CLIFF, NEW ARTHURTON, IA 97565",1,1.0
id_card_0081_glare,glare,issue_date,2026-03-11,2026-03-11,1,1.0
id_card_0081_glare,glare,expiry_date,2031-03-10,2031-03-10,1,1.0
id_card_0081_jpeg,jpeg,name,JEFFREY FERNANDEZ,JEFFREY FERNANDEZ,1,1.0
id_card_0081_jpeg,jpeg,dob,1999-07-01,1999-07-01,1,1.0
id_card_0081_jpeg,jpeg,id_number,DL-DW68633JR,DL-DW68633JR,1,1.0
id_card_0081_jpeg,jpeg,address,"106 JOHN CLIFF, NEW ARTHURTON, IA 97565","106 JOHN CLIFF, NEW ARTHURTON, IA 97565",1,1.0
id_card_0081_jpeg,jpeg,issue_date,2026-03-11,2026-03-11,1,1.0
id_card_0081_jpeg,jpeg,expiry_date,2031-03-10,2031-03-10,1,1.0
id_card_0081_rotation,rotation,name,JEFFREY FERNANDEZ,JEFFREY FERNANDEZ,1,1.0
id_card_0081_rotation,rotation,dob,1999-07-01,1999-07-01,1,1.0
id_card_0081_rotation,rotation,id_number,DL-DW68633JR,DL-DW68633JR,1,1.0
id_card_0081_rotation,rotation,address,"106 JOHN CLIFF, NEW ARTHURTON, IA 97565","106 JOHN CLIFF, NEW ARTHURTON, IA 97565",1,1.0
id_card_0081_rotation,rotation,issue_date,2026-03-11,2031-03-10,0,0.7
id_card_0081_rotation,rotation,expiry_date,2031-03-10,2031-03-10,1,1.0
id_card_0082_blur,blur,name,JASON HERNANDEZ,JASON HERNANDEZ,1,1.0
id_card_0082_blur,blur,dob,2001-11-24,2001-11-24,1,1.0
id_card_0082_blur,blur,id_number,DL-UK28439MX,DL-UK28439MX,1,1.0
id_card_0082_blur,blur,address,"42836 HILL POINT APT. 687, WEST SHELLYFURT, WY 69243","42836 HILL POINT APT. 687, WESI SHELLYFURT, WY 69243",0,0.9808
id_card_0082_blur,blur,issue_date,2022-01-15,2022-01-15,1,1.0
id_card_0082_blur,blur,expiry_date,2027-01-14,2027-01-14,1,1.0
id_card_0082_combined,combined,name,JASON HERNANDEZ,JASON HERNANDEZ,1,1.0
id_card_0082_combined,combined,dob,2001-11-24,2001-11-24,1,1.0
id_card_0082_combined,combined,id_number,DL-UK28439MX,DL-UK28439MX,1,1.0
id_card_0082_combined,combined,address,"42836 HILL POINT APT. 687, WEST SHELLYFURT, WY 69243","42836 HILL POINT APT. 687, WEST SHELLYFURT, WY 69243",1,1.0
id_card_0082_combined,combined,issue_date,2022-01-15,2022-01-15,1,1.0
id_card_0082_combined,combined,expiry_date,2027-01-14,2027-01-14,1,1.0
id_card_0082_glare,glare,name,JASON HERNANDEZ,JASON HERNANDEZ,1,1.0
id_card_0082_glare,glare,dob,2001-11-24,2001-11-24,1,1.0
id_card_0082_glare,glare,id_number,DL-UK28439MX,DL-UK28439MX,1,1.0
id_card_0082_glare,glare,address,"42836 HILL POINT APT. 687, WEST SHELLYFURT, WY 69243","42836 HILL POINT APT. 687, WEST SHELLYFURT, WY 69243",1,1.0
id_card_0082_glare,glare,issue_date,2022-01-15,2022-01-15,1,1.0
id_card_0082_glare,glare,expiry_date,2027-01-14,2027-01-14,1,1.0
id_card_0082_jpeg,jpeg,name,JASON HERNANDEZ,JASON HERNANDEZ,1,1.0
id_card_0082_jpeg,jpeg,dob,2001-11-24,2001-11-24,1,1.0
id_card_0082_jpeg,jpeg,id_number,DL-UK28439MX,DL-UK28439MX,1,1.0
id_card_0082_jpeg,jpeg,address,"42836 HILL POINT APT. 687, WEST SHELLYFURT, WY 69243","42836 HILL POINT APT. 687, WEST SHELLYFURT, WY 69243",1,1.0
id_card_0082_jpeg,jpeg,issue_date,2022-01-15,2022-01-15,1,1.0
id_card_0082_jpeg,jpeg,expiry_date,2027-01-14,2027-01-14,1,1.0
id_card_0082_rotation,rotation,name,JASON HERNANDEZ,JASON HERNANDEZ,1,1.0
id_card_0082_rotation,rotation,dob,2001-11-24,2001-11-24,1,1.0
id_card_0082_rotation,rotation,id_number,DL-UK28439MX,DL-UK28439MX,1,1.0
id_card_0082_rotation,rotation,address,"42836 HILL POINT APT. 687, WEST SHELLYFURT, WY 69243","42836 HILL POINT APT. 687, WEST SHELLYFURT, WY 69243",1,1.0
id_card_0082_rotation,rotation,issue_date,2022-01-15,2027-01-14,0,0.8
id_card_0082_rotation,rotation,expiry_date,2027-01-14,2027-01-14,1,1.0
id_card_0083_blur,blur,name,NATHANIEL LEE,NATHANIEL LEE,1,1.0
id_card_0083_blur,blur,dob,1976-03-06,1976-03-06,1,1.0
id_card_0083_blur,blur,id_number,DL-TJ87334ZD,DL-TJ87334ZD,1,1.0
id_card_0083_blur,blur,address,"668 PAUL GLENS, WEST DEBORAH, NV 49138","668 PAUL GLENS, WESI DEBORAH, NV 49138",0,0.9737
id_card_0083_blur,blur,issue_date,2023-02-15,2023-02-15,1,1.0
id_card_0083_blur,blur,expiry_date,2028-02-14,2028-02-14,1,1.0
id_card_0083_combined,combined,name,NATHANIEL LEE,NATHANIEL LEE,1,1.0
id_card_0083_combined,combined,dob,1976-03-06,1976-03-06,1,1.0
id_card_0083_combined,combined,id_number,DL-TJ87334ZD,DL-TJ87334ZD,1,1.0
id_card_0083_combined,combined,address,"668 PAUL GLENS, WEST DEBORAH, NV 49138","668 PAUL GLENS, WEST DEBORAH, NV 49138",1,1.0
id_card_0083_combined,combined,issue_date,2023-02-15,2023-02-15,1,1.0
id_card_0083_combined,combined,expiry_date,2028-02-14,2028-02-14,1,1.0
id_card_0083_glare,glare,name,NATHANIEL LEE,NATHANIEL LEE,1,1.0
id_card_0083_glare,glare,dob,1976-03-06,1976-03-06,1,1.0
id_card_0083_glare,glare,id_number,DL-TJ87334ZD,DL-TJ87334ZD,1,1.0
id_card_0083_glare,glare,address,"668 PAUL GLENS, WEST DEBORAH, NV 49138","668 PAUL GLENS, WEST DEBORAH, NV 49138",1,1.0
id_card_0083_glare,glare,issue_date,2023-02-15,2023-02-15,1,1.0
id_card_0083_glare,glare,expiry_date,2028-02-14,2028-02-14,1,1.0
id_card_0083_jpeg,jpeg,name,NATHANIEL LEE,NATHANIEL LEE,1,1.0
id_card_0083_jpeg,jpeg,dob,1976-03-06,1976-03-06,1,1.0
id_card_0083_jpeg,jpeg,id_number,DL-TJ87334ZD,DL-TJ87334ZD,1,1.0
id_card_0083_jpeg,jpeg,address,"668 PAUL GLENS, WEST DEBORAH, NV 49138","668 PAUL GLENS, WEST DEBORAH, NV 49138",1,1.0
id_card_0083_jpeg,jpeg,issue_date,2023-02-15,2023-02-15,1,1.0
id_card_0083_jpeg,jpeg,expiry_date,2028-02-14,2028-02-14,1,1.0
id_card_0083_rotation,rotation,name,NATHANIEL LEE,NATHANIEL LEE,1,1.0
id_card_0083_rotation,rotation,dob,1976-03-06,1976-03-06,1,1.0
id_card_0083_rotation,rotation,id_number,DL-TJ87334ZD,DL-TJ87334ZD,1,1.0
id_card_0083_rotation,rotation,address,"668 PAUL GLENS, WEST DEBORAH, NV 49138","668 PAUL GLENS, WEST DEBORAH, NV 49138",1,1.0
id_card_0083_rotation,rotation,issue_date,2023-02-15,2028-02-14,0,0.8
id_card_0083_rotation,rotation,expiry_date,2028-02-14,2028-02-14,1,1.0
id_card_0084_blur,blur,name,MICHELE SANDERS,MICHELE SANDERS,1,1.0
id_card_0084_blur,blur,dob,1968-10-30,1968-10-30,1,1.0
id_card_0084_blur,blur,id_number,DL-ZW99013LU,DL-ZW99013LU,1,1.0
id_card_0084_blur,blur,address,"3540 SHARON STREETS, LAKE YVONNEFORT, PW 32298","3540 SHARON SIREETS, LAKE YVONNEFORT, PW 32298",0,0.9783
id_card_0084_blur,blur,issue_date,2024-10-07,2024-10-07,1,1.0
id_card_0084_blur,blur,expiry_date,2029-10-06,2029-10-06,1,1.0
id_card_0084_combined,combined,name,MICHELE SANDERS,MICHELE SANDERS,1,1.0
id_card_0084_combined,combined,dob,1968-10-30,1968-10-30,1,1.0
id_card_0084_combined,combined,id_number,DL-ZW99013LU,DL-ZW99013LU,1,1.0
id_card_0084_combined,combined,address,"3540 SHARON STREETS, LAKE YVONNEFORT, PW 32298","3540 SHARON STREETS, LAKE YVONNEFORT, PW 32298",1,1.0
id_card_0084_combined,combined,issue_date,2024-10-07,2024-10-07,1,1.0
id_card_0084_combined,combined,expiry_date,2029-10-06,2029-10-06,1,1.0
id_card_0084_glare,glare,name,MICHELE SANDERS,MICHELE SANDERS,1,1.0
id_card_0084_glare,glare,dob,1968-10-30,1968-10-30,1,1.0
id_card_0084_glare,glare,id_number,DL-ZW99013LU,DL-ZW99013LU,1,1.0
id_card_0084_glare,glare,address,"3540 SHARON STREETS, LAKE YVONNEFORT, PW 32298","3540 SHARON STREETS, LAKE YVONNEFORT, PW 32298",1,1.0
id_card_0084_glare,glare,issue_date,2024-10-07,2024-10-07,1,1.0
id_card_0084_glare,glare,expiry_date,2029-10-06,2029-10-06,1,1.0
id_card_0084_jpeg,jpeg,name,MICHELE SANDERS,MICHELE SANDERS,1,1.0
id_card_0084_jpeg,jpeg,dob,1968-10-30,1968-10-30,1,1.0
id_card_0084_jpeg,jpeg,id_number,DL-ZW99013LU,DL-ZW99013LU,1,1.0
id_card_0084_jpeg,jpeg,address,"3540 SHARON STREETS, LAKE YVONNEFORT, PW 32298","3540 SHARON STREETS, LAKE YVONNEFORT, PW 32298",1,1.0
id_card_0084_jpeg,jpeg,issue_date,2024-10-07,2024-10-07,1,1.0
id_card_0084_jpeg,jpeg,expiry_date,2029-10-06,2029-10-06,1,1.0
id_card_0084_rotation,rotation,name,MICHELE SANDERS,MICHELE SANDERS,1,1.0
id_card_0084_rotation,rotation,dob,1968-10-30,1968-10-30,1,1.0
id_card_0084_rotation,rotation,id_number,DL-ZW99013LU,DL-ZW99013LU,1,1.0
id_card_0084_rotation,rotation,address,"3540 SHARON STREETS, LAKE YVONNEFORT, PW 32298","3540 SHARON STREETS, LAKE YVONNEFORT, PW 32298",1,1.0
id_card_0084_rotation,rotation,issue_date,2024-10-07,2029-10-06,0,0.8
id_card_0084_rotation,rotation,expiry_date,2029-10-06,2029-10-06,1,1.0
id_card_0085_blur,blur,name,LAUREN CORTEZ,LAUREN CORTEZ,1,1.0
id_card_0085_blur,blur,dob,1966-11-06,1966-11-06,1,1.0
id_card_0085_blur,blur,id_number,DL-PW54678TQ,DL-PW54678TQ,1,1.0
id_card_0085_blur,blur,address,"771 GILL ISLAND APT. 556, NEW MICHELLEBERG, AK 34681","771 GILL ISLAND APT. 556, NEW MICHELLEBERG, AK 34681",1,1.0
id_card_0085_blur,blur,issue_date,2026-04-04,2026-04-04,1,1.0
id_card_0085_blur,blur,expiry_date,2032-04-02,2032-04-02,1,1.0
id_card_0085_combined,combined,name,LAUREN CORTEZ,LAUREN CORTEZ,1,1.0
id_card_0085_combined,combined,dob,1966-11-06,1966-11-06,1,1.0
id_card_0085_combined,combined,id_number,DL-PW54678TQ,DL-PW54678TQ,1,1.0
id_card_0085_combined,combined,address,"771 GILL ISLAND APT. 556, NEW MICHELLEBERG, AK 34681","771 GILL ISLAND APT. 556, NEW MICHELLEBERG, AK 34681",1,1.0
id_card_0085_combined,combined,issue_date,2026-04-04,2026-04-04,1,1.0
id_card_0085_combined,combined,expiry_date,2032-04-02,2032-04-02,1,1.0
id_card_0085_glare,glare,name,LAUREN CORTEZ,LAUREN CORTEZ,1,1.0
id_card_0085_glare,glare,dob,1966-11-06,1966-11-06,1,1.0
id_card_0085_glare,glare,id_number,DL-PW54678TQ,DL-PW54678TQ,1,1.0
id_card_0085_glare,glare,address,"771 GILL ISLAND APT. 556, NEW MICHELLEBERG, AK 34681","771 GILL ISLAND APT. 556, NEW MICHELLEBERG, AK 34681",1,1.0
id_card_0085_glare,glare,issue_date,2026-04-04,2026-04-04,1,1.0
id_card_0085_glare,glare,expiry_date,2032-04-02,2032-04-02,1,1.0
id_card_0085_jpeg,jpeg,name,LAUREN CORTEZ,LAUREN CORTEZ,1,1.0
id_card_0085_jpeg,jpeg,dob,1966-11-06,1966-11-06,1,1.0
id_card_0085_jpeg,jpeg,id_number,DL-PW54678TQ,DL-PW54678TQ,1,1.0
id_card_0085_jpeg,jpeg,address,"771 GILL ISLAND APT. 556, NEW MICHELLEBERG, AK 34681","771 GILL ISLAND APT. 556, NEW MICHELLEBERG, AK 34681",1,1.0
id_card_0085_jpeg,jpeg,issue_date,2026-04-04,2026-04-04,1,1.0
id_card_0085_jpeg,jpeg,expiry_date,2032-04-02,2032-04-02,1,1.0
id_card_0085_rotation,rotation,name,LAUREN CORTEZ,LAUREN CORTEZ,1,1.0
id_card_0085_rotation,rotation,dob,1966-11-06,1966-11-06,1,1.0
id_card_0085_rotation,rotation,id_number,DL-PW54678TQ,DL-PW54678TQ,1,1.0
id_card_0085_rotation,rotation,address,"771 GILL ISLAND APT. 556, NEW MICHELLEBERG, AK 34681","771 GILL ISLAND APT. 556, NEW MICHELLEBERG, AK 34681",1,1.0
id_card_0085_rotation,rotation,issue_date,2026-04-04,2032-04-02,0,0.7
id_card_0085_rotation,rotation,expiry_date,2032-04-02,2032-04-02,1,1.0
id_card_0086_blur,blur,name,RYAN HALL,RYAN HALL,1,1.0
id_card_0086_blur,blur,dob,1970-08-26,1970-08-26,1,1.0
id_card_0086_blur,blur,id_number,DL-PF35369JP,DL-PF35369JP,1,1.0
id_card_0086_blur,blur,address,"7772 JACKSON STRAVENUE SUITE 280, PORT MELANIETON, WV 01337","7772 JACKSON SIRAVENUE SUITE 280, PORT MELANIETON, WV 01337",0,0.9831
id_card_0086_blur,blur,issue_date,2022-11-09,2022-11-09,1,1.0
id_card_0086_blur,blur,expiry_date,2030-11-07,2030-11-07,1,1.0
id_card_0086_combined,combined,name,RYAN HALL,RYAN HALL,1,1.0
id_card_0086_combined,combined,dob,1970-08-26,1970-08-26,1,1.0
id_card_0086_combined,combined,id_number,DL-PF35369JP,DL-PF35369JP,1,1.0
id_card_0086_combined,combined,address,"7772 JACKSON STRAVENUE SUITE 280, PORT MELANIETON, WV 01337","7772 JACKSON STRAVENUE SUITE 280, PORT MELANIETON, WV 01337",1,1.0
id_card_0086_combined,combined,issue_date,2022-11-09,2022-11-09,1,1.0
id_card_0086_combined,combined,expiry_date,2030-11-07,2030-11-07,1,1.0
id_card_0086_glare,glare,name,RYAN HALL,RYAN HALL,1,1.0
id_card_0086_glare,glare,dob,1970-08-26,1970-08-26,1,1.0
id_card_0086_glare,glare,id_number,DL-PF35369JP,DL-PF35369JP,1,1.0
id_card_0086_glare,glare,address,"7772 JACKSON STRAVENUE SUITE 280, PORT MELANIETON, WV 01337","7772 JACKSON STRAVENUE SUITE 280, PORT MELANIETON, WV 01337",1,1.0
id_card_0086_glare,glare,issue_date,2022-11-09,2022-11-09,1,1.0
id_card_0086_glare,glare,expiry_date,2030-11-07,2030-11-07,1,1.0
id_card_0086_jpeg,jpeg,name,RYAN HALL,RYAN HALL,1,1.0
id_card_0086_jpeg,jpeg,dob,1970-08-26,1970-08-26,1,1.0
id_card_0086_jpeg,jpeg,id_number,DL-PF35369JP,DL-PF35369JP,1,1.0
id_card_0086_jpeg,jpeg,address,"7772 JACKSON STRAVENUE SUITE 280, PORT MELANIETON, WV 01337","7772 JACKSON STRAVENUE SUITE 280, PORT MELANIETON, WV 01337",1,1.0
id_card_0086_jpeg,jpeg,issue_date,2022-11-09,2022-11-09,1,1.0
id_card_0086_jpeg,jpeg,expiry_date,2030-11-07,2030-11-07,1,1.0
id_card_0086_rotation,rotation,name,RYAN HALL,RYAN HALL,1,1.0
id_card_0086_rotation,rotation,dob,1970-08-26,1970-08-26,1,1.0
id_card_0086_rotation,rotation,id_number,DL-PF35369JP,DL-PF35369JP,1,1.0
id_card_0086_rotation,rotation,address,"7772 JACKSON STRAVENUE SUITE 280, PORT MELANIETON, WV 01337","7772 JACKSON STRAVENUE SUITE 280, PORT MELANIETON, WV 01337",1,1.0
id_card_0086_rotation,rotation,issue_date,2022-11-09,2030-11-07,0,0.7
id_card_0086_rotation,rotation,expiry_date,2030-11-07,2030-11-07,1,1.0
id_card_0087_blur,blur,name,DAISY HARVEY,DAISY HARVEY,1,1.0
id_card_0087_blur,blur,dob,1998-09-07,1998-09-07,1,1.0
id_card_0087_blur,blur,id_number,DL-DN03875OQ,DL-DN03875OQ,1,1.0
id_card_0087_blur,blur,address,"700 SMITH PINES SUITE 840, DRAKEBURGH, CT 13125","700 SMITH PINES SUITE 840, DRAKEBURGH, CT 13125",1,1.0
id_card_0087_blur,blur,issue_date,2022-11-05,2022-11-05,1,1.0
id_card_0087_blur,blur,expiry_date,2026-11-04,2026-11-04,1,1.0
id_card_0087_combined,combined,name,DAISY HARVEY,DAISY HARVEY,1,1.0
id_card_0087_combined,combined,dob,1998-09-07,1998-09-07,1,1.0
id_card_0087_combined,combined,id_number,DL-DN03875OQ,DL-DN03875OQ,1,1.0
id_card_0087_combined,combined,address,"700 SMITH PINES SUITE 840, DRAKEBURGH, CT 13125","700 SMITH PINES SUITE 840, DRAKEBURGH, CT 13125",1,1.0
id_card_0087_combined,combined,issue_date,2022-11-05,2022-11-05,1,1.0
id_card_0087_combined,combined,expiry_date,2026-11-04,2026-11-04,1,1.0
id_card_0087_glare,glare,name,DAISY HARVEY,DAISY HARVEY,1,1.0
id_card_0087_glare,glare,dob,1998-09-07,1998-09-07,1,1.0
id_card_0087_glare,glare,id_number,DL-DN03875OQ,DL-DN03875OQ,1,1.0
id_card_0087_glare,glare,address,"700 SMITH PINES SUITE 840, DRAKEBURGH, CT 13125","700 SMITH PINES SUITE 840, DRAKEBURGH, CT 13125",1,1.0
id_card_0087_glare,glare,issue_date,2022-11-05,2022-11-05,1,1.0
id_card_0087_glare,glare,expiry_date,2026-11-04,2026-11-04,1,1.0
id_card_0087_jpeg,jpeg,name,DAISY HARVEY,DAISY HARVEY,1,1.0
id_card_0087_jpeg,jpeg,dob,1998-09-07,1998-09-07,1,1.0
id_card_0087_jpeg,jpeg,id_number,DL-DN03875OQ,DL-DN03875OQ,1,1.0
id_card_0087_jpeg,jpeg,address,"700 SMITH PINES SUITE 840, DRAKEBURGH, CT 13125","700 SMITH PINES SUITE 840, DRAKEBURGH, CT 13125",1,1.0
id_card_0087_jpeg,jpeg,issue_date,2022-11-05,2022-11-05,1,1.0
id_card_0087_jpeg,jpeg,expiry_date,2026-11-04,2026-11-04,1,1.0
id_card_0087_rotation,rotation,name,DAISY HARVEY,DAISY HARVEY,1,1.0
id_card_0087_rotation,rotation,dob,1998-09-07,1998-09-07,1,1.0
id_card_0087_rotation,rotation,id_number,DL-DN03875OQ,DL-DN03875OQ,1,1.0
id_card_0087_rotation,rotation,address,"700 SMITH PINES SUITE 840, DRAKEBURGH, CT 13125","700 SMITH PINES SUITE 840, DRAKEBURGH, CT 13125",1,1.0
id_card_0087_rotation,rotation,issue_date,2022-11-05,2026-11-04,0,0.8
id_card_0087_rotation,rotation,expiry_date,2026-11-04,2026-11-04,1,1.0
id_card_0088_blur,blur,name,MARIA RIVERA,MARIA RIVERA,1,1.0
id_card_0088_blur,blur,dob,1967-09-27,1967-09-27,1,1.0
id_card_0088_blur,blur,id_number,DL-DK46156PS,DL-DK46156PS,1,1.0
id_card_0088_blur,blur,address,"1016 BENNETT MOUNTAINS, LAKE ALBERTBURGH, CO 66018","1016 BENNETT MOUNTAINS, LAKE ALBERTBURGH, CO 66018",1,1.0
id_card_0088_blur,blur,issue_date,2024-07-29,2024-07-29,1,1.0
id_card_0088_blur,blur,expiry_date,2028-07-28,2028-07-28,1,1.0
id_card_0088_combined,combined,name,MARIA RIVERA,MARIA RIVERA,1,1.0
id_card_0088_combined,combined,dob,1967-09-27,1967-09-27,1,1.0
id_card_0088_combined,combined,id_number,DL-DK46156PS,DL-DK46156PS,1,1.0
id_card_0088_combined,combined,address,"1016 BENNETT MOUNTAINS, LAKE ALBERTBURGH, CO 66018","1016 BENNETT MOUNTAINS, LAKE ALBERTBURGH, CO 66018",1,1.0
id_card_0088_combined,combined,issue_date,2024-07-29,2024-07-29,1,1.0
id_card_0088_combined,combined,expiry_date,2028-07-28,2028-07-28,1,1.0
id_card_0088_glare,glare,name,MARIA RIVERA,MARIA RIVERA,1,1.0
id_card_0088_glare,glare,dob,1967-09-27,1967-09-27,1,1.0
id_card_0088_glare,glare,id_number,DL-DK46156PS,DL-DK46156PS,1,1.0
id_card_0088_glare,glare,address,"1016 BENNETT MOUNTAINS, LAKE ALBERTBURGH, CO 66018","1016 BENNETT MOUNTAINS, LAKE ALBERTBURGH, CO 66018",1,1.0
id_card_0088_glare,glare,issue_date,2024-07-29,2024-07-29,1,1.0
id_card_0088_glare,glare,expiry_date,2028-07-28,2028-07-28,1,1.0
id_card_0088_jpeg,jpeg,name,MARIA RIVERA,MARIA RIVERA,1,1.0
id_card_0088_jpeg,jpeg,dob,1967-09-27,1967-09-27,1,1.0
id_card_0088_jpeg,jpeg,id_number,DL-DK46156PS,DL-DK46156PS,1,1.0
id_card_0088_jpeg,jpeg,address,"1016 BENNETT MOUNTAINS, LAKE ALBERTBURGH, CO 66018","1016 BENNETT MOUNTAINS, LAKE ALBERTBURGH, CO 66018",1,1.0
id_card_0088_jpeg,jpeg,issue_date,2024-07-29,2024-07-29,1,1.0
id_card_0088_jpeg,jpeg,expiry_date,2028-07-28,2028-07-28,1,1.0
id_card_0088_rotation,rotation,name,MARIA RIVERA,MARIA RIVERA,1,1.0
id_card_0088_rotation,rotation,dob,1967-09-27,1967-09-27,1,1.0
id_card_0088_rotation,rotation,id_number,DL-DK46156PS,DL-DK46156PS,1,1.0
id_card_0088_rotation,rotation,address,"1016 BENNETT MOUNTAINS, LAKE ALBERTBURGH, CO 66018","1016 BENNETT MOUNTAINS, LAKE ALBERTBURGH, CO 66018",1,1.0
id_card_0088_rotation,rotation,issue_date,2024-07-29,2028-07-28,0,0.8
id_card_0088_rotation,rotation,expiry_date,2028-07-28,2028-07-28,1,1.0
id_card_0089_blur,blur,name,KIMBERLY REYES,KIMBERLY REYES,1,1.0
id_card_0089_blur,blur,dob,1957-01-19,1957-01-19,1,1.0
id_card_0089_blur,blur,id_number,DL-RC03397ER,DL-RC03397ER,1,1.0
id_card_0089_blur,blur,address,"902 SMITH FORDS APT. 614, NEW JOHN, MP 51508","902 SMITH FORDS APT. 614, NEW JOHN, MP 51508",1,1.0
id_card_0089_blur,blur,issue_date,2026-01-19,2026-01-19,1,1.0
id_card_0089_blur,blur,expiry_date,2032-01-18,2032-01-18,1,1.0
id_card_0089_combined,combined,name,KIMBERLY REYES,KIMBERLY REYES,1,1.0
id_card_0089_combined,combined,dob,1957-01-19,1957-01-19,1,1.0
id_card_0089_combined,combined,id_number,DL-RC03397ER,DL-RC03397ER,1,1.0
id_card_0089_combined,combined,address,"902 SMITH FORDS APT. 614, NEW JOHN, MP 51508","902 SMITH FORDS APT. 614, NEW JOHN, MP 51508",1,1.0
id_card_0089_combined,combined,issue_date,2026-01-19,2026-01-19,1,1.0
id_card_0089_combined,combined,expiry_date,2032-01-18,2032-01-18,1,1.0
id_card_0089_glare,glare,name,KIMBERLY REYES,KIMBERLY REYES,1,1.0
id_card_0089_glare,glare,dob,1957-01-19,1957-01-19,1,1.0
id_card_0089_glare,glare,id_number,DL-RC03397ER,DL-RC03397ER,1,1.0
id_card_0089_glare,glare,address,"902 SMITH FORDS APT. 614, NEW JOHN, MP 51508","902 SMITH FORDS APT. 614, NEW JOHN, MP 51508",1,1.0
id_card_0089_glare,glare,issue_date,2026-01-19,2026-01-19,1,1.0
id_card_0089_glare,glare,expiry_date,2032-01-18,2032-01-18,1,1.0
id_card_0089_jpeg,jpeg,name,KIMBERLY REYES,KIMBERLY REYES,1,1.0
id_card_0089_jpeg,jpeg,dob,1957-01-19,1957-01-19,1,1.0
id_card_0089_jpeg,jpeg,id_number,DL-RC03397ER,DL-RC03397ER,1,1.0
id_card_0089_jpeg,jpeg,address,"902 SMITH FORDS APT. 614, NEW JOHN, MP 51508","902 SMITH FORDS APT. 614, NEW JOHN, MP 51508",1,1.0
id_card_0089_jpeg,jpeg,issue_date,2026-01-19,2026-01-19,1,1.0
id_card_0089_jpeg,jpeg,expiry_date,2032-01-18,2032-01-18,1,1.0
id_card_0089_rotation,rotation,name,KIMBERLY REYES,KIMBERLY REYES,1,1.0
id_card_0089_rotation,rotation,dob,1957-01-19,1957-01-19,1,1.0
id_card_0089_rotation,rotation,id_number,DL-RC03397ER,DL-RC03397ER,1,1.0
id_card_0089_rotation,rotation,address,"902 SMITH FORDS APT. 614, NEW JOHN, MP 51508","902 SMITH FORDS APT. 614, NEW JOHN, MP 51508",1,1.0
id_card_0089_rotation,rotation,issue_date,2026-01-19,2032-01-18,0,0.7
id_card_0089_rotation,rotation,expiry_date,2032-01-18,2032-01-18,1,1.0
id_card_0090_blur,blur,name,CHRISTIAN DAWSON,CHRISTIAN DAWSON,1,1.0
id_card_0090_blur,blur,dob,2000-11-25,2000-11-25,1,1.0
id_card_0090_blur,blur,id_number,DL-BO18501EV,DL-BO18501EV,1,1.0
id_card_0090_blur,blur,address,"0477 MICHAEL LANE SUITE 296, PORT CHRISTINEBURY, VT 10135","0477 MICHAEL LANE SUITE 296, PORT CHRISIINEBURY, VT 10135",0,0.9825
id_card_0090_blur,blur,issue_date,2022-10-01,2022-10-01,1,1.0
id_card_0090_blur,blur,expiry_date,2029-09-29,2029-09-29,1,1.0
id_card_0090_combined,combined,name,CHRISTIAN DAWSON,CHRISTIAN DAWSON,1,1.0
id_card_0090_combined,combined,dob,2000-11-25,2000-11-25,1,1.0
id_card_0090_combined,combined,id_number,DL-BO18501EV,DL-BO18501EV,1,1.0
id_card_0090_combined,combined,address,"0477 MICHAEL LANE SUITE 296, PORT CHRISTINEBURY, VT 10135","0477 MICHAEL LANE SUITE 296, PORT CHRISTINEBURY, VT 10135",1,1.0
id_card_0090_combined,combined,issue_date,2022-10-01,2022-10-01,1,1.0
id_card_0090_combined,combined,expiry_date,2029-09-29,2029-09-29,1,1.0
id_card_0090_glare,glare,name,CHRISTIAN DAWSON,CHRISTIAN DAWSON,1,1.0
id_card_0090_glare,glare,dob,2000-11-25,2000-11-25,1,1.0
id_card_0090_glare,glare,id_number,DL-BO18501EV,DL-BO18501EV,1,1.0
id_card_0090_glare,glare,address,"0477 MICHAEL LANE SUITE 296, PORT CHRISTINEBURY, VT 10135","0477 MICHAEL LANE SUITE 296, PORT CHRISTINEBURY, VT 10135",1,1.0
id_card_0090_glare,glare,issue_date,2022-10-01,2022-10-01,1,1.0
id_card_0090_glare,glare,expiry_date,2029-09-29,2029-09-29,1,1.0
id_card_0090_jpeg,jpeg,name,CHRISTIAN DAWSON,CHRISTIAN DAWSON,1,1.0
id_card_0090_jpeg,jpeg,dob,2000-11-25,2000-11-25,1,1.0
id_card_0090_jpeg,jpeg,id_number,DL-BO18501EV,DL-8O18501EV,0,0.9167
id_card_0090_jpeg,jpeg,address,"0477 MICHAEL LANE SUITE 296, PORT CHRISTINEBURY, VT 10135","0477 MICHAEL LANE SUITE 296, PORT CHRISTINEBURY, VT 10135",1,1.0
id_card_0090_jpeg,jpeg,issue_date,2022-10-01,2022-10-01,1,1.0
id_card_0090_jpeg,jpeg,expiry_date,2029-09-29,2029-09-29,1,1.0
id_card_0090_rotation,rotation,name,CHRISTIAN DAWSON,CHRISTIAN DAWSON,1,1.0
id_card_0090_rotation,rotation,dob,2000-11-25,2000-11-25,1,1.0
id_card_0090_rotation,rotation,id_number,DL-BO18501EV,DL-BO18501EV,1,1.0
id_card_0090_rotation,rotation,address,"0477 MICHAEL LANE SUITE 296, PORT CHRISTINEBURY, VT 10135","0477 MICHAEL LANE SUITE 296, PORT CHRISTINEBURY, VT 10135",1,1.0
id_card_0090_rotation,rotation,issue_date,2022-10-01,2029-09-29,0,0.5
id_card_0090_rotation,rotation,expiry_date,2029-09-29,2029-09-29,1,1.0
id_card_0091_blur,blur,name,BRADLEY SANTANA,BRADLEY SANTANA,1,1.0
id_card_0091_blur,blur,dob,1993-09-12,1993-09-12,1,1.0
id_card_0091_blur,blur,id_number,DL-AT65511CX,DL-AT65511CX,1,1.0
id_card_0091_blur,blur,address,"21267 GARCIA CORNERS SUITE 819, MICHELLETOWN, LA 54739","21267 GARCIA CORNERS SUITE 819, MICHELLETOWN, LA 54739",1,1.0
id_card_0091_blur,blur,issue_date,2022-11-15,2022-11-15,1,1.0
id_card_0091_blur,blur,expiry_date,2029-11-13,2029-11-13,1,1.0
id_card_0091_combined,combined,name,BRADLEY SANTANA,BRADLEY SANTANA,1,1.0
id_card_0091_combined,combined,dob,1993-09-12,1993-09-12,1,1.0
id_card_0091_combined,combined,id_number,DL-AT65511CX,DL-AT65511CX,1,1.0
id_card_0091_combined,combined,address,"21267 GARCIA CORNERS SUITE 819, MICHELLETOWN, LA 54739","21267 GARCIA CORNERS SUITE 819, MICHELLETOWN, LA 54739",1,1.0
id_card_0091_combined,combined,issue_date,2022-11-15,2022-11-15,1,1.0
id_card_0091_combined,combined,expiry_date,2029-11-13,2029-11-13,1,1.0
id_card_0091_glare,glare,name,BRADLEY SANTANA,BRADLEY SANTANA,1,1.0
id_card_0091_glare,glare,dob,1993-09-12,1993-09-12,1,1.0
id_card_0091_glare,glare,id_number,DL-AT65511CX,DL-AT65511CX,1,1.0
id_card_0091_glare,glare,address,"21267 GARCIA CORNERS SUITE 819, MICHELLETOWN, LA 54739","21267 GARCIA CORNERS SUITE 819, MICHELLETOWN, LA 54739",1,1.0
id_card_0091_glare,glare,issue_date,2022-11-15,2022-11-15,1,1.0
id_card_0091_glare,glare,expiry_date,2029-11-13,2029-11-13,1,1.0
id_card_0091_jpeg,jpeg,name,BRADLEY SANTANA,BRADLEY SANTANA,1,1.0
id_card_0091_jpeg,jpeg,dob,1993-09-12,1993-09-12,1,1.0
id_card_0091_jpeg,jpeg,id_number,DL-AT65511CX,DL-AT65511CX,1,1.0
id_card_0091_jpeg,jpeg,address,"21267 GARCIA CORNERS SUITE 819, MICHELLETOWN, LA 54739","21267 GARCIA CORNERS SUITE 819, MICHELLETOWN, LA 54739",1,1.0
id_card_0091_jpeg,jpeg,issue_date,2022-11-15,2022-11-15,1,1.0
id_card_0091_jpeg,jpeg,expiry_date,2029-11-13,2029-11-13,1,1.0
id_card_0091_rotation,rotation,name,BRADLEY SANTANA,BRADLEY SANTANA,1,1.0
id_card_0091_rotation,rotation,dob,1993-09-12,1993-09-12,1,1.0
id_card_0091_rotation,rotation,id_number,DL-AT65511CX,DL-AT65511CX,1,1.0
id_card_0091_rotation,rotation,address,"21267 GARCIA CORNERS SUITE 819, MICHELLETOWN, LA 54739","21267 GARCIA CORNERS SUITE 819, MICHELLETOWN, LA 54739",1,1.0
id_card_0091_rotation,rotation,issue_date,2022-11-15,2029-11-13,0,0.8
id_card_0091_rotation,rotation,expiry_date,2029-11-13,2029-11-13,1,1.0
id_card_0092_blur,blur,name,BRIAN TORRES,BRIAN TORRES,1,1.0
id_card_0092_blur,blur,dob,1967-01-30,1967-01-30,1,1.0
id_card_0092_blur,blur,id_number,DL-RT82622RF,DL-RT82622RF,1,1.0
id_card_0092_blur,blur,address,"26464 PATTON LAKE, SHERYLFORT, PA 81329","26464 PATTON LAKE, SHERYLFORT, PA 81329",1,1.0
id_card_0092_blur,blur,issue_date,2026-06-05,2026-06-05,1,1.0
id_card_0092_blur,blur,expiry_date,2032-06-03,2032-06-03,1,1.0
id_card_0092_combined,combined,name,BRIAN TORRES,BRIAN TORRES,1,1.0
id_card_0092_combined,combined,dob,1967-01-30,1967-01-30,1,1.0
id_card_0092_combined,combined,id_number,DL-RT82622RF,DL-RT82622RF,1,1.0
id_card_0092_combined,combined,address,"26464 PATTON LAKE, SHERYLFORT, PA 81329","26464 PATTON LAKE, SHERYLFORT, PA 81329",1,1.0
id_card_0092_combined,combined,issue_date,2026-06-05,2026-06-05,1,1.0
id_card_0092_combined,combined,expiry_date,2032-06-03,2032-06-03,1,1.0
id_card_0092_glare,glare,name,BRIAN TORRES,BRIAN TORRES,1,1.0
id_card_0092_glare,glare,dob,1967-01-30,1967-01-30,1,1.0
id_card_0092_glare,glare,id_number,DL-RT82622RF,DL-RT82622RF,1,1.0
id_card_0092_glare,glare,address,"26464 PATTON LAKE, SHERYLFORT, PA 81329","26464 PATTON LAKE, SHERYLFORT, PA 81329",1,1.0
id_card_0092_glare,glare,issue_date,2026-06-05,2026-06-05,1,1.0
id_card_0092_glare,glare,expiry_date,2032-06-03,2032-06-03,1,1.0
id_card_0092_jpeg,jpeg,name,BRIAN TORRES,BRIAN TORRES,1,1.0
id_card_0092_jpeg,jpeg,dob,1967-01-30,1967-01-30,1,1.0
id_card_0092_jpeg,jpeg,id_number,DL-RT82622RF,DL-RT82622RF,1,1.0
id_card_0092_jpeg,jpeg,address,"26464 PATTON LAKE, SHERYLFORT, PA 81329","26464 PATTON LAKE, SHERYLFORT, PA 81329",1,1.0
id_card_0092_jpeg,jpeg,issue_date,2026-06-05,2026-06-05,1,1.0
id_card_0092_jpeg,jpeg,expiry_date,2032-06-03,2032-06-03,1,1.0
id_card_0092_rotation,rotation,name,BRIAN TORRES,BRIAN TORRES,1,1.0
id_card_0092_rotation,rotation,dob,1967-01-30,1967-01-30,1,1.0
id_card_0092_rotation,rotation,id_number,DL-RT82622RF,DL-RT82622RF,1,1.0
id_card_0092_rotation,rotation,address,"26464 PATTON LAKE, SHERYLFORT, PA 81329","26464 PATTON LAKE, SHERYLFORT, PA 81329",1,1.0
id_card_0092_rotation,rotation,issue_date,2026-06-05,2032-06-03,0,0.7
id_card_0092_rotation,rotation,expiry_date,2032-06-03,2032-06-03,1,1.0
id_card_0093_blur,blur,name,CHRISTINA OSBORN,CHRISTINA OSBORN,1,1.0
id_card_0093_blur,blur,dob,1977-06-27,1977-06-27,1,1.0
id_card_0093_blur,blur,id_number,DL-BP96575MI,DL-BP96575MI,1,1.0
id_card_0093_blur,blur,address,"9375 TAMARA ISLAND SUITE 793, NICHOLASFURT, MN 15428","9375 TAMARA ISLAND SUITE 793, NICHOLASFURT, MN 15428",1,1.0
id_card_0093_blur,blur,issue_date,2024-05-21,2024-05-21,1,1.0
id_card_0093_blur,blur,expiry_date,2028-05-20,2028-05-20,1,1.0
id_card_0093_combined,combined,name,CHRISTINA OSBORN,CHRISTINA OSBORN,1,1.0
id_card_0093_combined,combined,dob,1977-06-27,1977-06-27,1,1.0
id_card_0093_combined,combined,id_number,DL-BP96575MI,DL-BP96575MI,1,1.0
id_card_0093_combined,combined,address,"9375 TAMARA ISLAND SUITE 793, NICHOLASFURT, MN 15428","9375 TAMARA ISLAND SUITE 793, NICHOLASFURT, MN 15428",1,1.0
id_card_0093_combined,combined,issue_date,2024-05-21,2024-05-21,1,1.0
id_card_0093_combined,combined,expiry_date,2028-05-20,2028-05-20,1,1.0
id_card_0093_glare,glare,name,CHRISTINA OSBORN,CHRISTINA OSBORN,1,1.0
id_card_0093_glare,glare,dob,1977-06-27,1977-06-27,1,1.0
id_card_0093_glare,glare,id_number,DL-BP96575MI,DL-BP96575MI,1,1.0
id_card_0093_glare,glare,address,"9375 TAMARA ISLAND SUITE 793, NICHOLASFURT, MN 15428","9375 TAMARA ISLAND SUITE 793, NICHOLASFURT, MN 15428",1,1.0
id_card_0093_glare,glare,issue_date,2024-05-21,2024-05-21,1,1.0
id_card_0093_glare,glare,expiry_date,2028-05-20,2028-05-20,1,1.0
id_card_0093_jpeg,jpeg,name,CHRISTINA OSBORN,CHRISTINA OSBORN,1,1.0
id_card_0093_jpeg,jpeg,dob,1977-06-27,1977-06-27,1,1.0
id_card_0093_jpeg,jpeg,id_number,DL-BP96575MI,DL-8P96575MI,0,0.9167
id_card_0093_jpeg,jpeg,address,"9375 TAMARA ISLAND SUITE 793, NICHOLASFURT, MN 15428","9375 TAMARA ISLAND SUITE 793, NICHOLASFURT, MN 15428",1,1.0
id_card_0093_jpeg,jpeg,issue_date,2024-05-21,2024-05-21,1,1.0
id_card_0093_jpeg,jpeg,expiry_date,2028-05-20,2028-05-20,1,1.0
id_card_0093_rotation,rotation,name,CHRISTINA OSBORN,CHRISTINA OSBORN,1,1.0
id_card_0093_rotation,rotation,dob,1977-06-27,1977-06-27,1,1.0
id_card_0093_rotation,rotation,id_number,DL-BP96575MI,DL-BP96575MI,1,1.0
id_card_0093_rotation,rotation,address,"9375 TAMARA ISLAND SUITE 793, NICHOLASFURT, MN 15428","9375 TAMARA ISLAND SUITE 793, NICHOLASFURT, MN 15428",1,1.0
id_card_0093_rotation,rotation,issue_date,2024-05-21,2028-05-20,0,0.8
id_card_0093_rotation,rotation,expiry_date,2028-05-20,2028-05-20,1,1.0
id_card_0094_blur,blur,name,ANDREW SCHMITT,ANDREW SCHMITT,1,1.0
id_card_0094_blur,blur,dob,1962-10-22,1962-10-22,1,1.0
id_card_0094_blur,blur,id_number,DL-SE07374YY,DL-SE07374YY,1,1.0
id_card_0094_blur,blur,address,"724 JOHNNY DRIVES SUITE 617, AGUILARSIDE, NY 91164","724 JOHNNY DRIVES SUITE 617, AGUILARSIDE, NY 91164",1,1.0
id_card_0094_blur,blur,issue_date,2026-03-29,2026-03-29,1,1.0
id_card_0094_blur,blur,expiry_date,2032-03-27,2032-03-27,1,1.0
id_card_0094_combined,combined,name,ANDREW SCHMITT,ANDREW SCHMITT,1,1.0
id_card_0094_combined,combined,dob,1962-10-22,1962-10-22,1,1.0
id_card_0094_combined,combined,id_number,DL-SE07374YY,DL-SE07374YY,1,1.0
id_card_0094_combined,combined,address,"724 JOHNNY DRIVES SUITE 617, AGUILARSIDE, NY 91164","724 JOHNNY DRIVES SUITE 617, AGUILARSIDE, NY 91164",1,1.0
id_card_0094_combined,combined,issue_date,2026-03-29,2026-03-29,1,1.0
id_card_0094_combined,combined,expiry_date,2032-03-27,2032-03-27,1,1.0
id_card_0094_glare,glare,name,ANDREW SCHMITT,ANDREW SCHMITT,1,1.0
id_card_0094_glare,glare,dob,1962-10-22,1962-10-22,1,1.0
id_card_0094_glare,glare,id_number,DL-SE07374YY,DL-SE07374YY,1,1.0
id_card_0094_glare,glare,address,"724 JOHNNY DRIVES SUITE 617, AGUILARSIDE, NY 91164","724 JOHNNY DRIVES SUITE 617, AGUILARSIDE, NY 91164",1,1.0
id_card_0094_glare,glare,issue_date,2026-03-29,2026-03-29,1,1.0
id_card_0094_glare,glare,expiry_date,2032-03-27,2032-03-27,1,1.0
id_card_0094_jpeg,jpeg,name,ANDREW SCHMITT,ANDREW SCHMITT,1,1.0
id_card_0094_jpeg,jpeg,dob,1962-10-22,1962-10-22,1,1.0
id_card_0094_jpeg,jpeg,id_number,DL-SE07374YY,DL-SE07374YY,1,1.0
id_card_0094_jpeg,jpeg,address,"724 JOHNNY DRIVES SUITE 617, AGUILARSIDE, NY 91164","724 JOHNNY DRIVES SUITE 617, AGUILARSIDE, NY 91164",1,1.0
id_card_0094_jpeg,jpeg,issue_date,2026-03-29,2026-03-29,1,1.0
id_card_0094_jpeg,jpeg,expiry_date,2032-03-27,2032-03-27,1,1.0
id_card_0094_rotation,rotation,name,ANDREW SCHMITT,ANDREW SCHMITT,1,1.0
id_card_0094_rotation,rotation,dob,1962-10-22,1962-10-22,1,1.0
id_card_0094_rotation,rotation,id_number,DL-SE07374YY,DL-SE07374YY,1,1.0
id_card_0094_rotation,rotation,address,"724 JOHNNY DRIVES SUITE 617, AGUILARSIDE, NY 91164","724 JOHNNY DRIVES SUITE 617, AGUILARSIDE, NY 91164",1,1.0
id_card_0094_rotation,rotation,issue_date,2026-03-29,2032-03-27,0,0.7
id_card_0094_rotation,rotation,expiry_date,2032-03-27,2032-03-27,1,1.0
id_card_0095_blur,blur,name,ZACHARY WEBB,ZACHARY WEBB,1,1.0
id_card_0095_blur,blur,dob,1998-04-23,1998-04-23,1,1.0
id_card_0095_blur,blur,id_number,DL-KP91135NC,DL-KP91135NC,1,1.0
id_card_0095_blur,blur,address,"6101 WALKER SUMMIT APT. 756, BARTONSHIRE, UT 66098","6101 WALKER SUMMIT APT. 756, BARTONSHIRE, UT 66098",1,1.0
id_card_0095_blur,blur,issue_date,2026-02-16,2026-02-16,1,1.0
id_card_0095_blur,blur,expiry_date,2031-02-15,2031-02-15,1,1.0
id_card_0095_combined,combined,name,ZACHARY WEBB,ZACHARY WEBB,1,1.0
id_card_0095_combined,combined,dob,1998-04-23,1998-04-23,1,1.0
id_card_0095_combined,combined,id_number,DL-KP91135NC,DL-KP91135NC,1,1.0
id_card_0095_combined,combined,address,"6101 WALKER SUMMIT APT. 756, BARTONSHIRE, UT 66098","6101 WALKER SUMMIT APT. 756, BARTONSHIRE, UT 66098",1,1.0
id_card_0095_combined,combined,issue_date,2026-02-16,2026-02-16,1,1.0
id_card_0095_combined,combined,expiry_date,2031-02-15,2031-02-15,1,1.0
id_card_0095_glare,glare,name,ZACHARY WEBB,ZACHARY WEBB,1,1.0
id_card_0095_glare,glare,dob,1998-04-23,1998-04-23,1,1.0
id_card_0095_glare,glare,id_number,DL-KP91135NC,DL-KP91135NC,1,1.0
id_card_0095_glare,glare,address,"6101 WALKER SUMMIT APT. 756, BARTONSHIRE, UT 66098","6101 WALKER SUMMIT APT. 756, BARTONSHIRE, UT 66098",1,1.0
id_card_0095_glare,glare,issue_date,2026-02-16,2026-02-16,1,1.0
id_card_0095_glare,glare,expiry_date,2031-02-15,2031-02-15,1,1.0
id_card_0095_jpeg,jpeg,name,ZACHARY WEBB,ZACHARY WEBB,1,1.0
id_card_0095_jpeg,jpeg,dob,1998-04-23,1998-04-23,1,1.0
id_card_0095_jpeg,jpeg,id_number,DL-KP91135NC,DL-KP91135NC,1,1.0
id_card_0095_jpeg,jpeg,address,"6101 WALKER SUMMIT APT. 756, BARTONSHIRE, UT 66098","6101 WALKER SUMMIT APT. 756, BARTONSHIRE, UT 66098",1,1.0
id_card_0095_jpeg,jpeg,issue_date,2026-02-16,2026-02-16,1,1.0
id_card_0095_jpeg,jpeg,expiry_date,2031-02-15,2031-02-15,1,1.0
id_card_0095_rotation,rotation,name,ZACHARY WEBB,ZACHARY WEBB,1,1.0
id_card_0095_rotation,rotation,dob,1998-04-23,1998-04-23,1,1.0
id_card_0095_rotation,rotation,id_number,DL-KP91135NC,DL-KP91135NC,1,1.0
id_card_0095_rotation,rotation,address,"6101 WALKER SUMMIT APT. 756, BARTONSHIRE, UT 66098","6101 WALKER SUMMIT APT. 756, BARTONSHIRE, UT 66098",1,1.0
id_card_0095_rotation,rotation,issue_date,2026-02-16,2031-02-15,0,0.7
id_card_0095_rotation,rotation,expiry_date,2031-02-15,2031-02-15,1,1.0
id_card_0096_blur,blur,name,JUSTIN MULLEN,JUSTIN MULLEN,1,1.0
id_card_0096_blur,blur,dob,1970-09-01,1970-09-01,1,1.0
id_card_0096_blur,blur,id_number,DL-VD11254YN,DL-VD11254YN,1,1.0
id_card_0096_blur,blur,address,"7177 JONES CAPE APT. 051, LAKE JOHN, HI 72840","7177 JONES CAPE APT. 051, LAKE JOHN, HI 72840",1,1.0
id_card_0096_blur,blur,issue_date,2025-02-05,2025-02-05,1,1.0
id_card_0096_blur,blur,expiry_date,2033-02-03,2033-02-03,1,1.0
id_card_0096_combined,combined,name,JUSTIN MULLEN,JUSTIN MULLEN,1,1.0
id_card_0096_combined,combined,dob,1970-09-01,1970-09-01,1,1.0
id_card_0096_combined,combined,id_number,DL-VD11254YN,DL-VD11254YN,1,1.0
id_card_0096_combined,combined,address,"7177 JONES CAPE APT. 051, LAKE JOHN, HI 72840","7177 JONES CAPE APT. 051, LAKE JOHN, HI 72840",1,1.0
id_card_0096_combined,combined,issue_date,2025-02-05,2025-02-05,1,1.0
id_card_0096_combined,combined,expiry_date,2033-02-03,2033-02-03,1,1.0
id_card_0096_glare,glare,name,JUSTIN MULLEN,JUSTIN MULLEN,1,1.0
id_card_0096_glare,glare,dob,1970-09-01,1970-09-01,1,1.0
id_card_0096_glare,glare,id_number,DL-VD11254YN,DL-VD11254YN,1,1.0
id_card_0096_glare,glare,address,"7177 JONES CAPE APT. 051, LAKE JOHN, HI 72840","7177 JONES CAPE APT. 051, LAKE JOHN, HI 72840",1,1.0
id_card_0096_glare,glare,issue_date,2025-02-05,2025-02-05,1,1.0
id_card_0096_glare,glare,expiry_date,2033-02-03,2033-02-03,1,1.0
id_card_0096_jpeg,jpeg,name,JUSTIN MULLEN,JUSTIN MULLEN,1,1.0
id_card_0096_jpeg,jpeg,dob,1970-09-01,1970-09-01,1,1.0
id_card_0096_jpeg,jpeg,id_number,DL-VD11254YN,DL-VD11254YN,1,1.0
id_card_0096_jpeg,jpeg,address,"7177 JONES CAPE APT. 051, LAKE JOHN, HI 72840","7177 JONES CAPE APT. 051, LAKE JOHN, HI 72840",1,1.0
id_card_0096_jpeg,jpeg,issue_date,2025-02-05,2025-02-05,1,1.0
id_card_0096_jpeg,jpeg,expiry_date,2033-02-03,2033-02-03,1,1.0
id_card_0096_rotation,rotation,name,JUSTIN MULLEN,JUSTIN MULLEN,1,1.0
id_card_0096_rotation,rotation,dob,1970-09-01,1970-09-01,1,1.0
id_card_0096_rotation,rotation,id_number,DL-VD11254YN,DL-VD11254YN,1,1.0
id_card_0096_rotation,rotation,address,"7177 JONES CAPE APT. 051, LAKE JOHN, HI 72840","7177 JONES CAPE APT. 051, LAKE JOHN, HI 72840",1,1.0
id_card_0096_rotation,rotation,issue_date,2025-02-05,2033-02-03,0,0.7
id_card_0096_rotation,rotation,expiry_date,2033-02-03,2033-02-03,1,1.0
id_card_0097_blur,blur,name,JAMES LONG,JAMES LONG,1,1.0
id_card_0097_blur,blur,dob,1966-05-04,1966-05-04,1,1.0
id_card_0097_blur,blur,id_number,DL-VN22660MC,DL-VN22660MC,1,1.0
id_card_0097_blur,blur,address,"0334 BARBARA UNION APT. 553, WILSONFORT, NC 84270","0334 BARBARA UNION APT. 553, WILSONFORT, NC 84270",1,1.0
id_card_0097_blur,blur,issue_date,2025-01-02,2025-01-02,1,1.0
id_card_0097_blur,blur,expiry_date,2031-01-01,2031-01-01,1,1.0
id_card_0097_combined,combined,name,JAMES LONG,JAMES LONG,1,1.0
id_card_0097_combined,combined,dob,1966-05-04,1966-05-04,1,1.0
id_card_0097_combined,combined,id_number,DL-VN22660MC,DL-VN22660MC,1,1.0
id_card_0097_combined,combined,address,"0334 BARBARA UNION APT. 553, WILSONFORT, NC 84270","0334 BARBARA UNION APT. 553, WILSONFORT, NC 84270",1,1.0
id_card_0097_combined,combined,issue_date,2025-01-02,2025-01-02,1,1.0
id_card_0097_combined,combined,expiry_date,2031-01-01,2031-01-01,1,1.0
id_card_0097_glare,glare,name,JAMES LONG,JAMES LONG,1,1.0
id_card_0097_glare,glare,dob,1966-05-04,1966-05-04,1,1.0
id_card_0097_glare,glare,id_number,DL-VN22660MC,DL-VN22660MC,1,1.0
id_card_0097_glare,glare,address,"0334 BARBARA UNION APT. 553, WILSONFORT, NC 84270","0334 BARBARA UNION APT. 553, WILSONFORT, NC 84270",1,1.0
id_card_0097_glare,glare,issue_date,2025-01-02,2025-01-02,1,1.0
id_card_0097_glare,glare,expiry_date,2031-01-01,2031-01-01,1,1.0
id_card_0097_jpeg,jpeg,name,JAMES LONG,JAMES LONG,1,1.0
id_card_0097_jpeg,jpeg,dob,1966-05-04,1966-05-04,1,1.0
id_card_0097_jpeg,jpeg,id_number,DL-VN22660MC,DL-VN22660MC,1,1.0
id_card_0097_jpeg,jpeg,address,"0334 BARBARA UNION APT. 553, WILSONFORT, NC 84270","0334 BARBARA UNION APT. 553, WILSONFORT, NC 84270",1,1.0
id_card_0097_jpeg,jpeg,issue_date,2025-01-02,2025-01-02,1,1.0
id_card_0097_jpeg,jpeg,expiry_date,2031-01-01,2031-01-01,1,1.0
id_card_0097_rotation,rotation,name,JAMES LONG,JAMES LONG,1,1.0
id_card_0097_rotation,rotation,dob,1966-05-04,1966-05-04,1,1.0
id_card_0097_rotation,rotation,id_number,DL-VN22660MC,DL-VN22660MC,1,1.0
id_card_0097_rotation,rotation,address,"0334 BARBARA UNION APT. 553, WILSONFORT, NC 84270","0334 BARBARA UNION APT. 553, WILSONFORT, NC 84270",1,1.0
id_card_0097_rotation,rotation,issue_date,2025-01-02,2031-01-01,0,0.7
id_card_0097_rotation,rotation,expiry_date,2031-01-01,2031-01-01,1,1.0
id_card_0098_blur,blur,name,JOHN MEDINA,JOHN MEDINA,1,1.0
id_card_0098_blur,blur,dob,1958-05-03,1958-05-03,1,1.0
id_card_0098_blur,blur,id_number,DL-NL57924FR,DL-NL57924FR,1,1.0
id_card_0098_blur,blur,address,"1341 NATHANIEL DIVIDE, BARNESBERG, OK 50794","1341 NATHANIEL DIVIDE, BARNESBERG, OK 50794",1,1.0
id_card_0098_blur,blur,issue_date,2024-07-08,2024-07-08,1,1.0
id_card_0098_blur,blur,expiry_date,2031-07-07,2031-07-07,1,1.0
id_card_0098_combined,combined,name,JOHN MEDINA,JOHN MEDINA,1,1.0
id_card_0098_combined,combined,dob,1958-05-03,1958-05-03,1,1.0
id_card_0098_combined,combined,id_number,DL-NL57924FR,DL-NL57924FR,1,1.0
id_card_0098_combined,combined,address,"1341 NATHANIEL DIVIDE, BARNESBERG, OK 50794","1341 NATHANIEL DIVIDE, BARNESBERG, OK 50794",1,1.0
id_card_0098_combined,combined,issue_date,2024-07-08,2024-07-08,1,1.0
id_card_0098_combined,combined,expiry_date,2031-07-07,2031-07-07,1,1.0
id_card_0098_glare,glare,name,JOHN MEDINA,JOHN MEDINA,1,1.0
id_card_0098_glare,glare,dob,1958-05-03,1958-05-03,1,1.0
id_card_0098_glare,glare,id_number,DL-NL57924FR,DL-NL57924FR,1,1.0
id_card_0098_glare,glare,address,"1341 NATHANIEL DIVIDE, BARNESBERG, OK 50794","1341 NATHANIEL DIVIDE, BARNESBERG, OK 50794",1,1.0
id_card_0098_glare,glare,issue_date,2024-07-08,2024-07-08,1,1.0
id_card_0098_glare,glare,expiry_date,2031-07-07,2031-07-07,1,1.0
id_card_0098_jpeg,jpeg,name,JOHN MEDINA,JOHN MEDINA,1,1.0
id_card_0098_jpeg,jpeg,dob,1958-05-03,1958-05-03,1,1.0
id_card_0098_jpeg,jpeg,id_number,DL-NL57924FR,DL-NL57924FR,1,1.0
id_card_0098_jpeg,jpeg,address,"1341 NATHANIEL DIVIDE, BARNESBERG, OK 50794","1341 NATHANIEL DIVIDE, BARNESBERG, OK 50794",1,1.0
id_card_0098_jpeg,jpeg,issue_date,2024-07-08,2024-07-08,1,1.0
id_card_0098_jpeg,jpeg,expiry_date,2031-07-07,2031-07-07,1,1.0
id_card_0098_rotation,rotation,name,JOHN MEDINA,JOHN MEDINA,1,1.0
id_card_0098_rotation,rotation,dob,1958-05-03,1958-05-03,1,1.0
id_card_0098_rotation,rotation,id_number,DL-NL57924FR,DL-NL57924FR,1,1.0
id_card_0098_rotation,rotation,address,"1341 NATHANIEL DIVIDE, BARNESBERG, OK 50794","1341 NATHANIEL DIVIDE, BARNESBERG, OK 50794",1,1.0
id_card_0098_rotation,rotation,issue_date,2024-07-08,2031-07-07,0,0.7
id_card_0098_rotation,rotation,expiry_date,2031-07-07,2031-07-07,1,1.0
id_card_0099_blur,blur,name,KATHERINE MILLER,KATHERINE MILLER,1,1.0
id_card_0099_blur,blur,dob,1994-06-22,1994-06-22,1,1.0
id_card_0099_blur,blur,id_number,DL-LU82742CN,DL-LU82742CN,1,1.0
id_card_0099_blur,blur,address,"0723 MAYNARD PARKWAYS, ORTIZFORT, MT 93580","0723 MAYNARD PARKWAYS, ORTIZFORT, MT 93580",1,1.0
id_card_0099_blur,blur,issue_date,2023-01-13,2023-01-13,1,1.0
id_card_0099_blur,blur,expiry_date,2028-01-12,2028-01-12,1,1.0
id_card_0099_combined,combined,name,KATHERINE MILLER,KATHERINE MILLER,1,1.0
id_card_0099_combined,combined,dob,1994-06-22,1994-06-22,1,1.0
id_card_0099_combined,combined,id_number,DL-LU82742CN,DL-LU82742CN,1,1.0
id_card_0099_combined,combined,address,"0723 MAYNARD PARKWAYS, ORTIZFORT, MT 93580","0723 MAYNARD PARKWAYS, ORTIZFORT, MT 93580",1,1.0
id_card_0099_combined,combined,issue_date,2023-01-13,2023-01-13,1,1.0
id_card_0099_combined,combined,expiry_date,2028-01-12,2028-01-12,1,1.0
id_card_0099_glare,glare,name,KATHERINE MILLER,KATHERINE MILLER,1,1.0
id_card_0099_glare,glare,dob,1994-06-22,1994-06-22,1,1.0
id_card_0099_glare,glare,id_number,DL-LU82742CN,DL-LU82742CN,1,1.0
id_card_0099_glare,glare,address,"0723 MAYNARD PARKWAYS, ORTIZFORT, MT 93580","0723 MAYNARD PARKWAYS, ORTIZFORT, MT 93580",1,1.0
id_card_0099_glare,glare,issue_date,2023-01-13,2023-01-13,1,1.0
id_card_0099_glare,glare,expiry_date,2028-01-12,2028-01-12,1,1.0
id_card_0099_jpeg,jpeg,name,KATHERINE MILLER,KATHERINE MILLER,1,1.0
id_card_0099_jpeg,jpeg,dob,1994-06-22,1994-06-22,1,1.0
id_card_0099_jpeg,jpeg,id_number,DL-LU82742CN,DL-LU82742CN,1,1.0
id_card_0099_jpeg,jpeg,address,"0723 MAYNARD PARKWAYS, ORTIZFORT, MT 93580","0723 MAYNARD PARKWAYS, ORTIZFORT, MT 93580",1,1.0
id_card_0099_jpeg,jpeg,issue_date,2023-01-13,2023-01-13,1,1.0
id_card_0099_jpeg,jpeg,expiry_date,2028-01-12,2028-01-12,1,1.0
id_card_0099_rotation,rotation,name,KATHERINE MILLER,KATHERINE MILLER,1,1.0
id_card_0099_rotation,rotation,dob,1994-06-22,1994-06-22,1,1.0
id_card_0099_rotation,rotation,id_number,DL-LU82742CN,DL-LU82742CN,1,1.0
id_card_0099_rotation,rotation,address,"0723 MAYNARD PARKWAYS, ORTIZFORT, MT 93580","0723 MAYNARD PARKWAYS, ORTIZFORT, MT 93580",1,1.0
id_card_0099_rotation,rotation,issue_date,2023-01-13,2028-01-12,0,0.8
id_card_0099_rotation,rotation,expiry_date,2028-01-12,2028-01-12,1,1.0
id_card_0100_blur,blur,name,ELIZABETH KIDD,ELIZABETH KIDD,1,1.0
id_card_0100_blur,blur,dob,1952-08-30,1952-08-30,1,1.0
id_card_0100_blur,blur,id_number,DL-SK40438XD,DL-SK40438XD,1,1.0
id_card_0100_blur,blur,address,"819 JOSEPH PLAINS SUITE 807, SOUTH CURTIS, MP 86179","819 JOSEPH PLAINS SUITE 807, SOUTH CURTIS, MP 86179",1,1.0
id_card_0100_blur,blur,issue_date,2023-06-09,2023-06-09,1,1.0
id_card_0100_blur,blur,expiry_date,2027-06-08,2027-06-08,1,1.0
id_card_0100_combined,combined,name,ELIZABETH KIDD,ELIZABETH KIDD,1,1.0
id_card_0100_combined,combined,dob,1952-08-30,1952-08-30,1,1.0
id_card_0100_combined,combined,id_number,DL-SK40438XD,DL-SK40438XD,1,1.0
id_card_0100_combined,combined,address,"819 JOSEPH PLAINS SUITE 807, SOUTH CURTIS, MP 86179","819 JOSEPH PLAINS SUITE 807, SOUTH CURTIS, MP 86179",1,1.0
id_card_0100_combined,combined,issue_date,2023-06-09,2023-06-09,1,1.0
id_card_0100_combined,combined,expiry_date,2027-06-08,2027-06-08,1,1.0
id_card_0100_glare,glare,name,ELIZABETH KIDD,ELIZABETH KIDD,1,1.0
id_card_0100_glare,glare,dob,1952-08-30,1952-08-30,1,1.0
id_card_0100_glare,glare,id_number,DL-SK40438XD,DL-SK40438XD,1,1.0
id_card_0100_glare,glare,address,"819 JOSEPH PLAINS SUITE 807, SOUTH CURTIS, MP 86179","819 JOSEPH PLAINS SUITE 807, SOUTH CURTIS, MP 86179",1,1.0
id_card_0100_glare,glare,issue_date,2023-06-09,2023-06-09,1,1.0
id_card_0100_glare,glare,expiry_date,2027-06-08,2027-06-08,1,1.0
id_card_0100_jpeg,jpeg,name,ELIZABETH KIDD,ELIZABETH KIDD,1,1.0
id_card_0100_jpeg,jpeg,dob,1952-08-30,1952-08-30,1,1.0
id_card_0100_jpeg,jpeg,id_number,DL-SK40438XD,DL-SK40438XD,1,1.0
id_card_0100_jpeg,jpeg,address,"819 JOSEPH PLAINS SUITE 807, SOUTH CURTIS, MP 86179","819 JOSEPH PLAINS SUITE 807, SOUTH CURTIS, MP 86179",1,1.0
id_card_0100_jpeg,jpeg,issue_date,2023-06-09,2023-06-09,1,1.0
id_card_0100_jpeg,jpeg,expiry_date,2027-06-08,2027-06-08,1,1.0
id_card_0100_rotation,rotation,name,ELIZABETH KIDD,ELIZABETH KIDD,1,1.0
id_card_0100_rotation,rotation,dob,1952-08-30,1952-08-30,1,1.0
id_card_0100_rotation,rotation,id_number,DL-SK40438XD,DL-SK40438XD,1,1.0
id_card_0100_rotation,rotation,address,"819 JOSEPH PLAINS SUITE 807, SOUTH CURTIS, MP 86179","819 JOSEPH PLAINS SUITE 807, SOUTH CURTIS, MP 86179",1,1.0
id_card_0100_rotation,rotation,issue_date,2023-06-09,2027-06-08,0,0.8
id_card_0100_rotation,rotation,expiry_date,2027-06-08,2027-06-08,1,1.0
